zone,annee,tendance,confiance,proba_Augmentation,proba_Diminution,proba_Stable,tendance_reelle,correct
z_24.0_-18.0,2023,Diminution,72.1,6.4,72.1,21.5,Diminution,True
z_24.0_-18.0,2024,Diminution,73.0,9.4,73.0,17.6,Stable,False
z_24.0_-18.0,2025,Diminution,58.2,18.4,58.2,23.4,Diminution,True
z_24.0_-19.5,2023,Diminution,79.8,2.0,79.8,18.3,Stable,False
z_24.0_-19.5,2024,Diminution,66.3,10.9,66.3,22.8,Diminution,True
z_24.0_-19.5,2025,Diminution,77.0,3.5,77.0,19.5,Diminution,True
z_27.0_-15.0,2023,Diminution,60.2,4.8,60.2,35.1,Augmentation,False
z_27.0_-15.0,2024,Diminution,59.2,5.8,59.2,35.0,Diminution,True
z_27.0_-15.0,2025,Diminution,62.5,7.3,62.5,30.3,Diminution,True
z_27.0_-16.5,2023,Augmentation,62.6,62.6,20.0,17.3,Diminution,False
z_27.0_-16.5,2024,Augmentation,55.5,55.5,26.9,17.6,Augmentation,True
z_27.0_-16.5,2025,Augmentation,60.2,60.2,23.5,16.3,Stable,False
z_28.5_-13.5,2023,Diminution,79.6,2.9,79.6,17.6,Diminution,True
z_28.5_-13.5,2024,Diminution,79.6,2.9,79.6,17.6,Diminution,True
z_28.5_-13.5,2025,Diminution,73.3,6.6,73.3,20.1,Diminution,True
z_28.5_-15.0,2023,Augmentation,30.6,30.6,31.6,37.8,Augmentation,True
z_28.5_-15.0,2024,Augmentation,29.0,29.0,27.7,43.2,Stable,False
z_28.5_-15.0,2025,Augmentation,33.8,33.8,31.9,34.2,Stable,False
z_28.5_-16.5,2023,Augmentation,46.3,46.3,25.6,28.1,Diminution,False
z_28.5_-16.5,2024,Augmentation,40.7,40.7,27.4,31.9,Stable,False
z_28.5_-16.5,2025,Augmentation,44.3,44.3,26.1,29.6,Stable,False
z_30.0_-10.5,2023,Diminution,34.5,13.8,34.5,51.8,Diminution,True
z_30.0_-10.5,2024,Diminution,42.2,13.4,42.2,44.3,Augmentation,False
z_30.0_-10.5,2025,Diminution,36.2,12.4,36.2,51.4,Diminution,True
z_30.0_-13.5,2023,Diminution,76.3,5.1,76.3,18.5,Diminution,True
z_30.0_-13.5,2024,Diminution,75.0,5.8,75.0,19.2,Diminution,True
z_30.0_-13.5,2025,Diminution,65.2,8.3,65.2,26.5,Diminution,True
z_30.0_-15.0,2023,Diminution,68.8,11.2,68.8,20.0,Diminution,True
z_30.0_-15.0,2024,Diminution,71.9,8.3,71.9,19.9,Diminution,True
z_30.0_-15.0,2025,Diminution,72.0,4.7,72.0,23.3,Diminution,True
z_30.0_28.5,2023,Augmentation,35.2,35.2,28.7,36.0,Diminution,False
z_30.0_28.5,2024,Augmentation,44.4,44.4,19.6,36.0,Diminution,False
z_30.0_28.5,2025,Augmentation,40.6,40.6,26.2,33.1,Diminution,False
z_30.0_30.0,2023,Diminution,49.7,13.1,49.7,37.2,Diminution,True
z_30.0_30.0,2024,Diminution,56.7,7.3,56.7,36.0,Diminution,True
z_30.0_30.0,2025,Diminution,41.9,10.5,41.9,47.5,Stable,False
z_30.0_31.5,2023,Augmentation,52.1,52.1,15.2,32.7,Augmentation,True
z_30.0_31.5,2024,Augmentation,66.4,66.4,13.7,19.9,Stable,False
z_30.0_31.5,2025,Augmentation,62.5,62.5,13.3,24.2,Diminution,False
z_31.5_-15.0,2023,Diminution,75.0,1.4,75.0,23.6,Diminution,True
z_31.5_-15.0,2024,Diminution,66.0,5.0,66.0,29.0,Stable,False
z_31.5_-15.0,2025,Diminution,55.6,11.6,55.6,32.8,Diminution,True
z_31.5_-18.0,2023,Augmentation,33.5,33.5,13.4,53.1,Augmentation,True
z_31.5_-18.0,2024,Augmentation,35.1,35.1,14.7,50.2,Diminution,False
z_31.5_-18.0,2025,Augmentation,37.8,37.8,14.9,47.4,Diminution,False
z_31.5_31.5,2023,Augmentation,28.6,28.6,22.7,48.7,Diminution,False
z_31.5_31.5,2024,Augmentation,36.1,36.1,24.8,39.1,Diminution,False
z_31.5_31.5,2025,Augmentation,31.8,31.8,22.2,46.0,Diminution,False
z_33.0_-13.5,2023,Diminution,62.7,7.1,62.7,30.2,Stable,False
z_33.0_-13.5,2024,Diminution,53.7,15.2,53.7,31.1,Diminution,True
z_33.0_-13.5,2025,Diminution,62.7,7.1,62.7,30.2,Diminution,True
z_33.0_-9.0,2023,Augmentation,39.6,39.6,30.3,30.2,Diminution,False
z_33.0_-9.0,2024,Augmentation,40.8,40.8,26.5,32.7,Stable,False
z_33.0_-9.0,2025,Augmentation,36.6,36.6,26.9,36.5,Augmentation,True
z_33.0_10.5,2023,Diminution,81.3,6.4,81.3,12.3,Diminution,True
z_33.0_10.5,2024,Diminution,81.3,6.4,81.3,12.3,Diminution,True
z_33.0_10.5,2025,Diminution,81.3,6.4,81.3,12.3,Stable,False
z_33.0_18.0,2023,Diminution,79.3,6.3,79.3,14.4,Diminution,True
z_33.0_18.0,2024,Diminution,79.3,6.3,79.3,14.4,Stable,False
z_33.0_18.0,2025,Diminution,65.0,12.8,65.0,22.2,Diminution,True
z_33.0_25.5,2023,Diminution,83.4,1.5,83.4,15.1,Diminution,True
z_33.0_25.5,2024,Diminution,83.4,1.5,83.4,15.1,Stable,False
z_33.0_25.5,2025,Diminution,72.1,6.0,72.1,21.9,Diminution,True
z_34.5_-1.5,2023,Augmentation,18.8,18.8,28.6,52.6,Augmentation,True
z_34.5_-1.5,2024,Augmentation,29.5,29.5,30.4,40.1,Diminution,False
z_34.5_-1.5,2025,Augmentation,28.7,28.7,33.4,38.0,Diminution,False
z_34.5_-10.5,2023,Diminution,71.0,3.6,71.0,25.4,Diminution,True
z_34.5_-10.5,2024,Diminution,71.0,3.6,71.0,25.4,Stable,False
z_34.5_-10.5,2025,Diminution,58.5,11.3,58.5,30.2,Diminution,True
z_34.5_-4.5,2023,Augmentation,25.7,25.7,29.2,45.0,Diminution,False
z_34.5_-4.5,2024,Augmentation,25.0,25.0,27.1,47.9,Diminution,False
z_34.5_-4.5,2025,Augmentation,25.1,25.1,29.5,45.4,Diminution,False
z_34.5_-6.0,2023,Augmentation,44.3,44.3,31.6,24.1,Diminution,False
z_34.5_-6.0,2024,Augmentation,38.5,38.5,33.7,27.8,Augmentation,True
z_34.5_-6.0,2025,Augmentation,51.4,51.4,25.0,23.6,Diminution,False
z_34.5_-7.5,2023,Augmentation,29.9,29.9,20.5,49.6,Augmentation,True
z_34.5_-7.5,2024,Augmentation,48.1,48.1,19.8,32.0,Diminution,False
z_34.5_-7.5,2025,Augmentation,38.4,38.4,24.3,37.3,Augmentation,True
z_34.5_0.0,2023,Diminution,58.1,10.0,58.1,31.9,Diminution,True
z_34.5_0.0,2024,Diminution,63.0,6.8,63.0,30.1,Stable,False
z_34.5_0.0,2025,Diminution,48.5,15.0,48.5,36.5,Diminution,True
z_34.5_12.0,2023,Augmentation,28.3,28.3,28.4,43.4,Stable,False
z_34.5_12.0,2024,Augmentation,36.4,36.4,30.5,33.1,Stable,False
z_34.5_12.0,2025,Augmentation,34.9,34.9,28.3,36.8,Diminution,False
z_34.5_13.5,2023,Augmentation,32.4,32.4,17.5,50.1,Stable,False
z_34.5_13.5,2024,Augmentation,34.0,34.0,18.5,47.4,Augmentation,True
z_34.5_13.5,2025,Augmentation,37.8,37.8,14.4,47.8,Augmentation,True
z_34.5_16.5,2023,Diminution,75.2,4.9,75.2,19.9,Diminution,True
z_34.5_16.5,2024,Diminution,74.6,6.3,74.6,19.1,Diminution,True
z_34.5_16.5,2025,Diminution,79.8,4.2,79.8,15.9,Diminution,True
z_34.5_18.0,2023,Diminution,85.1,1.6,85.1,13.3,Diminution,True
z_34.5_18.0,2024,Diminution,85.1,1.6,85.1,13.3,Stable,False
z_34.5_18.0,2025,Diminution,71.8,6.7,71.8,21.5,Diminution,True
z_34.5_19.5,2023,Diminution,59.8,10.1,59.8,30.1,Diminution,True
z_34.5_19.5,2024,Diminution,62.2,7.3,62.2,30.5,Stable,False
z_34.5_19.5,2025,Diminution,49.6,13.7,49.6,36.7,Diminution,True
z_34.5_22.5,2023,Augmentation,41.3,41.3,20.6,38.1,Augmentation,True
z_34.5_22.5,2024,Augmentation,54.7,54.7,17.2,28.0,Stable,False
z_34.5_22.5,2025,Augmentation,36.5,36.5,24.1,39.4,Augmentation,True
z_34.5_24.0,2023,Augmentation,38.3,38.3,22.6,39.1,Stable,False
z_34.5_24.0,2024,Augmentation,40.0,40.0,22.4,37.6,Stable,False
z_34.5_24.0,2025,Augmentation,37.1,37.1,22.8,40.0,Diminution,False
z_34.5_25.5,2023,Augmentation,32.9,32.9,30.1,37.0,Stable,False
z_34.5_25.5,2024,Augmentation,50.9,50.9,24.0,25.1,Diminution,False
z_34.5_25.5,2025,Augmentation,30.1,30.1,33.2,36.7,Diminution,False
z_34.5_27.0,2023,Augmentation,30.2,30.2,20.4,49.4,Diminution,False
z_34.5_27.0,2024,Augmentation,31.4,31.4,24.7,43.9,Diminution,False
z_34.5_27.0,2025,Augmentation,29.0,29.0,24.6,46.4,Diminution,False
z_34.5_31.5,2023,Augmentation,41.6,41.6,19.5,38.9,Augmentation,True
z_34.5_31.5,2024,Augmentation,57.8,57.8,13.5,28.7,Diminution,False
z_34.5_31.5,2025,Augmentation,40.3,40.3,25.0,34.7,Diminution,False
z_34.5_33.0,2023,Augmentation,69.8,69.8,17.4,12.9,Augmentation,True
z_34.5_33.0,2024,Augmentation,68.1,68.1,18.2,13.7,Stable,False
z_34.5_33.0,2025,Augmentation,67.6,67.6,17.6,14.8,Stable,False
z_36.0_-1.5,2023,Augmentation,43.9,43.9,28.5,27.6,Diminution,False
z_36.0_-1.5,2024,Augmentation,27.6,27.6,26.9,45.5,Diminution,False
z_36.0_-1.5,2025,Augmentation,43.4,43.4,28.3,28.4,Diminution,False
z_36.0_-10.5,2023,Augmentation,52.1,52.1,17.3,30.6,Augmentation,True
z_36.0_-10.5,2024,Augmentation,46.3,46.3,17.0,36.7,Augmentation,True
z_36.0_-10.5,2025,Augmentation,50.4,50.4,16.0,33.6,Augmentation,True
z_36.0_-12.0,2023,Diminution,78.3,2.8,78.3,18.9,Stable,False
z_36.0_-12.0,2024,Diminution,62.1,9.6,62.1,28.3,Diminution,True
z_36.0_-12.0,2025,Diminution,75.1,3.5,75.1,21.5,Diminution,True
z_36.0_-3.0,2023,Augmentation,69.2,69.2,9.2,21.7,Augmentation,True
z_36.0_-3.0,2024,Augmentation,67.5,67.5,10.9,21.5,Stable,False
z_36.0_-3.0,2025,Augmentation,55.7,55.7,11.9,32.4,Augmentation,True
z_36.0_-4.5,2023,Augmentation,42.1,42.1,17.5,40.4,Augmentation,True
z_36.0_-4.5,2024,Augmentation,58.9,58.9,14.5,26.6,Stable,False
z_36.0_-4.5,2025,Augmentation,41.3,41.3,19.0,39.7,Diminution,False
z_36.0_-6.0,2023,Augmentation,47.0,47.0,16.1,36.9,Diminution,False
z_36.0_-6.0,2024,Augmentation,40.2,40.2,16.4,43.4,Diminution,False
z_36.0_-6.0,2025,Augmentation,37.0,37.0,20.9,42.0,Diminution,False
z_36.0_-7.5,2023,Augmentation,61.3,61.3,11.0,27.7,Augmentation,True
z_36.0_-7.5,2024,Augmentation,67.3,67.3,10.7,22.0,Augmentation,True
z_36.0_-7.5,2025,Augmentation,59.6,59.6,13.4,27.0,Augmentation,True
z_36.0_-9.0,2023,Augmentation,43.6,43.6,17.7,38.7,Augmentation,True
z_36.0_-9.0,2024,Augmentation,47.6,47.6,17.6,34.8,Augmentation,True
z_36.0_-9.0,2025,Augmentation,56.8,56.8,14.2,29.0,Diminution,False
z_36.0_0.0,2023,Augmentation,25.9,25.9,39.8,34.4,Diminution,False
z_36.0_0.0,2024,Augmentation,26.8,26.8,46.1,27.1,Stable,False
z_36.0_0.0,2025,Augmentation,23.5,23.5,42.1,34.4,Diminution,False
z_36.0_10.5,2023,Augmentation,56.4,56.4,16.2,27.4,Stable,False
z_36.0_10.5,2024,Augmentation,45.4,45.4,19.6,34.9,Diminution,False
z_36.0_10.5,2025,Augmentation,44.9,44.9,17.2,37.9,Stable,False
z_36.0_12.0,2023,Augmentation,35.6,35.6,19.7,44.7,Stable,False
z_36.0_12.0,2024,Augmentation,44.5,44.5,19.3,36.2,Augmentation,True
z_36.0_12.0,2025,Augmentation,63.3,63.3,13.5,23.2,Stable,False
z_36.0_13.5,2023,Augmentation,33.3,33.3,14.0,52.7,Stable,False
z_36.0_13.5,2024,Augmentation,42.1,42.1,17.1,40.8,Augmentation,True
z_36.0_13.5,2025,Augmentation,52.2,52.2,14.3,33.6,Diminution,False
z_36.0_15.0,2023,Augmentation,49.1,49.1,18.5,32.4,Diminution,False
z_36.0_15.0,2024,Augmentation,43.6,43.6,22.9,33.5,Augmentation,True
z_36.0_15.0,2025,Augmentation,54.2,54.2,16.5,29.3,Augmentation,True
z_36.0_16.5,2023,Augmentation,23.4,23.4,41.7,34.9,Stable,False
z_36.0_16.5,2024,Augmentation,31.3,31.3,29.0,39.8,Stable,False
z_36.0_16.5,2025,Diminution,39.3,19.3,39.3,41.4,Stable,False
z_36.0_18.0,2023,Augmentation,32.2,32.2,27.6,40.2,Stable,False
z_36.0_18.0,2024,Augmentation,37.5,37.5,25.9,36.5,Diminution,False
z_36.0_18.0,2025,Augmentation,36.2,36.2,28.1,35.7,Diminution,False
z_36.0_19.5,2023,Diminution,53.7,16.8,53.7,29.5,Diminution,True
z_36.0_19.5,2024,Diminution,46.2,22.7,46.2,31.1,Diminution,True
z_36.0_19.5,2025,Diminution,50.3,16.3,50.3,33.4,Diminution,True
z_36.0_21.0,2023,Augmentation,40.7,40.7,24.4,34.9,Diminution,False
z_36.0_21.0,2024,Augmentation,44.6,44.6,24.3,31.1,Stable,False
z_36.0_21.0,2025,Augmentation,46.2,46.2,22.5,31.3,Diminution,False
z_36.0_22.5,2023,Augmentation,47.7,47.7,34.1,18.2,Augmentation,True
z_36.0_22.5,2024,Augmentation,60.1,60.1,26.0,14.0,Stable,False
z_36.0_22.5,2025,Augmentation,58.9,58.9,21.4,19.7,Diminution,False
z_36.0_24.0,2023,Augmentation,60.3,60.3,25.5,14.2,Stable,False
z_36.0_24.0,2024,Augmentation,71.6,71.6,17.2,11.2,Augmentation,True
z_36.0_24.0,2025,Augmentation,72.9,72.9,14.3,12.8,Stable,False
z_36.0_25.5,2023,Augmentation,60.2,60.2,23.7,16.2,Augmentation,True
z_36.0_25.5,2024,Augmentation,44.7,44.7,32.3,23.0,Stable,False
z_36.0_25.5,2025,Augmentation,49.1,49.1,26.7,24.3,Stable,False
z_36.0_27.0,2023,Augmentation,41.2,41.2,22.8,36.0,Diminution,False
z_36.0_27.0,2024,Augmentation,46.6,46.6,23.6,29.9,Stable,False
z_36.0_27.0,2025,Augmentation,43.7,43.7,23.3,32.9,Diminution,False
z_36.0_30.0,2023,Augmentation,22.0,22.0,32.8,45.2,Diminution,False
z_36.0_30.0,2024,Augmentation,28.0,28.0,33.1,38.9,Diminution,False
z_36.0_30.0,2025,Augmentation,22.4,22.4,35.8,41.8,Stable,False
z_36.0_34.5,2023,Augmentation,63.2,63.2,16.7,20.1,Diminution,False
z_36.0_34.5,2024,Augmentation,40.8,40.8,32.9,26.3,Diminution,False
z_36.0_34.5,2025,Augmentation,43.8,43.8,19.7,36.6,Diminution,False
z_36.0_36.0,2023,Diminution,57.8,5.2,57.8,36.9,Diminution,True
z_36.0_36.0,2024,Diminution,57.3,4.7,57.3,38.0,Diminution,True
z_36.0_36.0,2025,Diminution,57.3,4.7,57.3,38.0,Stable,False
z_36.0_4.5,2023,Augmentation,18.2,18.2,35.4,46.3,Diminution,False
z_36.0_4.5,2024,Augmentation,25.6,25.6,29.7,44.7,Stable,False
z_36.0_4.5,2025,Diminution,38.8,18.0,38.8,43.2,Diminution,True
z_36.0_9.0,2023,Augmentation,18.6,18.6,26.6,54.8,Augmentation,True
z_36.0_9.0,2024,Augmentation,26.1,26.1,29.2,44.8,Stable,False
z_36.0_9.0,2025,Augmentation,16.7,16.7,25.4,58.0,Diminution,False
z_37.5_-1.5,2023,Augmentation,51.3,51.3,21.9,26.8,Augmentation,True
z_37.5_-1.5,2024,Augmentation,63.4,63.4,17.1,19.5,Augmentation,True
z_37.5_-1.5,2025,Augmentation,49.7,49.7,17.0,33.3,Augmentation,True
z_37.5_-10.5,2023,Augmentation,58.7,58.7,14.1,27.2,Augmentation,True
z_37.5_-10.5,2024,Augmentation,71.9,71.9,9.7,18.4,Augmentation,True
z_37.5_-10.5,2025,Augmentation,68.7,68.7,11.3,20.0,Augmentation,True
z_37.5_-13.5,2023,Diminution,58.8,9.7,58.8,31.5,Diminution,True
z_37.5_-13.5,2024,Diminution,58.8,9.7,58.8,31.5,Stable,False
z_37.5_-13.5,2025,Diminution,50.0,14.4,50.0,35.6,Diminution,True
z_37.5_-22.5,2023,Diminution,85.8,1.6,85.8,12.6,Stable,False
z_37.5_-22.5,2024,Diminution,69.6,7.5,69.6,22.9,Diminution,True
z_37.5_-22.5,2025,Diminution,79.6,3.7,79.6,16.7,Stable,False
z_37.5_-25.5,2023,Diminution,54.6,14.8,54.6,30.6,Diminution,True
z_37.5_-25.5,2024,Diminution,70.5,6.4,70.5,23.1,Diminution,True
z_37.5_-25.5,2025,Diminution,60.9,9.5,60.9,29.6,Stable,False
z_37.5_-27.0,2023,Augmentation,26.8,26.8,27.5,45.8,Diminution,False
z_37.5_-27.0,2024,Augmentation,29.5,29.5,25.9,44.6,Diminution,False
z_37.5_-27.0,2025,Augmentation,23.6,23.6,28.5,47.9,Augmentation,True
z_37.5_-28.5,2023,Augmentation,38.0,38.0,35.4,26.6,Diminution,False
z_37.5_-28.5,2024,Augmentation,23.9,23.9,47.6,28.5,Augmentation,True
z_37.5_-28.5,2025,Diminution,47.7,23.6,47.7,28.7,Diminution,True
z_37.5_-30.0,2023,Diminution,40.9,13.0,40.9,46.2,Diminution,True
z_37.5_-30.0,2024,Diminution,36.8,14.6,36.8,48.7,Diminution,True
z_37.5_-30.0,2025,Diminution,36.8,14.6,36.8,48.7,Stable,False
z_37.5_-9.0,2023,Augmentation,48.2,48.2,23.1,28.7,Augmentation,True
z_37.5_-9.0,2024,Augmentation,53.6,53.6,20.7,25.7,Augmentation,True
z_37.5_-9.0,2025,Augmentation,50.4,50.4,21.2,28.4,Diminution,False
z_37.5_0.0,2023,Augmentation,38.6,38.6,19.8,41.6,Stable,False
z_37.5_0.0,2024,Augmentation,41.0,41.0,19.0,40.0,Diminution,False
z_37.5_0.0,2025,Augmentation,39.9,39.9,17.6,42.5,Diminution,False
z_37.5_1.5,2023,Diminution,59.9,6.2,59.9,33.9,Diminution,True
z_37.5_1.5,2024,Diminution,50.4,6.6,50.4,43.0,Diminution,True
z_37.5_1.5,2025,Diminution,61.2,5.7,61.2,33.1,Augmentation,False
z_37.5_10.5,2023,Augmentation,22.1,22.1,22.2,55.6,Diminution,False
z_37.5_10.5,2024,Augmentation,31.7,31.7,32.6,35.7,Diminution,False
z_37.5_10.5,2025,Augmentation,24.5,24.5,37.9,37.6,Diminution,False
z_37.5_12.0,2023,Augmentation,36.3,36.3,23.6,40.1,Augmentation,True
z_37.5_12.0,2024,Augmentation,49.4,49.4,18.1,32.5,Diminution,False
z_37.5_12.0,2025,Augmentation,44.0,44.0,21.1,34.8,Stable,False
z_37.5_13.5,2023,Augmentation,37.6,37.6,23.5,38.9,Augmentation,True
z_37.5_13.5,2024,Augmentation,49.1,49.1,18.2,32.7,Augmentation,True
z_37.5_13.5,2025,Augmentation,45.1,45.1,17.0,37.9,Augmentation,True
z_37.5_15.0,2023,Augmentation,35.7,35.7,30.2,34.1,Augmentation,True
z_37.5_15.0,2024,Augmentation,42.1,42.1,27.4,30.5,Augmentation,True
z_37.5_15.0,2025,Augmentation,47.7,47.7,21.7,30.6,Stable,False
z_37.5_16.5,2023,Augmentation,41.6,41.6,28.9,29.5,Diminution,False
z_37.5_16.5,2024,Augmentation,33.7,33.7,28.1,38.2,Diminution,False
z_37.5_16.5,2025,Augmentation,46.2,46.2,25.7,28.2,Augmentation,True
z_37.5_19.5,2023,Augmentation,36.6,36.6,23.4,40.0,Stable,False
z_37.5_19.5,2024,Augmentation,47.2,47.2,21.4,31.4,Stable,False
z_37.5_19.5,2025,Augmentation,44.7,44.7,17.8,37.5,Stable,False
z_37.5_21.0,2023,Augmentation,41.1,41.1,21.9,37.0,Augmentation,True
z_37.5_21.0,2024,Augmentation,48.2,48.2,17.6,34.3,Stable,False
z_37.5_21.0,2025,Augmentation,39.3,39.3,20.2,40.5,Diminution,False
z_37.5_22.5,2023,Augmentation,36.1,36.1,15.3,48.6,Stable,False
z_37.5_22.5,2024,Augmentation,39.0,39.0,14.0,47.1,Augmentation,True
z_37.5_22.5,2025,Augmentation,38.9,38.9,9.0,52.1,Diminution,False
z_37.5_24.0,2023,Augmentation,50.9,50.9,29.7,19.4,Diminution,False
z_37.5_24.0,2024,Augmentation,65.4,65.4,19.6,15.0,Stable,False
z_37.5_24.0,2025,Augmentation,61.6,61.6,22.5,15.9,Diminution,False
z_37.5_25.5,2023,Augmentation,33.3,33.3,22.8,43.9,Augmentation,True
z_37.5_25.5,2024,Augmentation,36.0,36.0,21.0,42.9,Diminution,False
z_37.5_25.5,2025,Augmentation,26.3,26.3,24.0,49.7,Diminution,False
z_37.5_27.0,2023,Augmentation,29.5,29.5,27.2,43.3,Diminution,False
z_37.5_27.0,2024,Augmentation,26.5,26.5,22.5,51.0,Diminution,False
z_37.5_27.0,2025,Augmentation,35.2,35.2,27.5,37.3,Stable,False
z_37.5_4.5,2023,Diminution,46.2,17.6,46.2,36.2,Stable,False
z_37.5_4.5,2024,Diminution,42.0,19.8,42.0,38.2,Diminution,True
z_37.5_4.5,2025,Diminution,41.0,19.2,41.0,39.8,Diminution,True
z_37.5_6.0,2023,Diminution,51.6,15.9,51.6,32.5,Diminution,True
z_37.5_6.0,2024,Diminution,55.7,10.2,55.7,34.1,Stable,False
z_37.5_6.0,2025,Diminution,57.3,15.0,57.3,27.8,Diminution,True
z_37.5_7.5,2023,Augmentation,31.2,31.2,16.3,52.6,Diminution,False
z_37.5_7.5,2024,Augmentation,43.0,43.0,24.1,32.9,Diminution,False
z_37.5_7.5,2025,Augmentation,33.7,33.7,21.3,45.0,Diminution,False
z_37.5_9.0,2023,Augmentation,41.9,41.9,28.7,29.5,Diminution,False
z_37.5_9.0,2024,Augmentation,45.1,45.1,22.5,32.4,Augmentation,True
z_37.5_9.0,2025,Augmentation,46.1,46.1,20.1,33.8,Diminution,False
z_39.0_-1.5,2023,Augmentation,67.0,67.0,14.0,19.0,Augmentation,True
z_39.0_-1.5,2024,Augmentation,69.7,69.7,11.1,19.2,Stable,False
z_39.0_-1.5,2025,Augmentation,53.8,53.8,16.2,30.1,Augmentation,True
z_39.0_-10.5,2023,Augmentation,45.5,45.5,17.9,36.6,Augmentation,True
z_39.0_-10.5,2024,Augmentation,60.3,60.3,13.1,26.6,Diminution,False
z_39.0_-10.5,2025,Augmentation,37.5,37.5,27.3,35.1,Augmentation,True
z_39.0_-31.5,2023,Diminution,71.5,10.0,71.5,18.6,Diminution,True
z_39.0_-31.5,2024,Diminution,74.8,4.6,74.8,20.6,Diminution,True
z_39.0_-31.5,2025,Diminution,85.0,2.7,85.0,12.3,Augmentation,False
z_39.0_-9.0,2023,Augmentation,50.8,50.8,16.5,32.7,Diminution,False
z_39.0_-9.0,2024,Augmentation,49.4,49.4,21.7,28.9,Augmentation,True
z_39.0_-9.0,2025,Augmentation,49.9,49.9,19.6,30.5,Augmentation,True
z_39.0_0.0,2023,Augmentation,43.7,43.7,19.9,36.4,Augmentation,True
z_39.0_0.0,2024,Augmentation,53.8,53.8,17.8,28.4,Augmentation,True
z_39.0_0.0,2025,Augmentation,55.9,55.9,14.5,29.6,Diminution,False
z_39.0_1.5,2023,Augmentation,51.6,51.6,18.5,29.8,Augmentation,True
z_39.0_1.5,2024,Augmentation,53.1,53.1,18.1,28.7,Diminution,False
z_39.0_1.5,2025,Augmentation,38.2,38.2,27.9,33.9,Stable,False
z_39.0_10.5,2023,Diminution,49.8,13.4,49.8,36.8,Stable,False
z_39.0_10.5,2024,Diminution,49.4,14.7,49.4,35.8,Diminution,True
z_39.0_10.5,2025,Diminution,53.5,13.3,53.5,33.2,Diminution,True
z_39.0_13.5,2023,Augmentation,28.7,28.7,21.4,49.9,Diminution,False
z_39.0_13.5,2024,Augmentation,37.7,37.7,19.4,42.9,Diminution,False
z_39.0_13.5,2025,Augmentation,44.6,44.6,21.8,33.6,Augmentation,True
z_39.0_15.0,2023,Augmentation,45.2,45.2,22.0,32.8,Stable,False
z_39.0_15.0,2024,Augmentation,34.1,34.1,22.9,42.9,Diminution,False
z_39.0_15.0,2025,Augmentation,43.8,43.8,23.7,32.5,Stable,False
z_39.0_16.5,2023,Augmentation,44.9,44.9,18.8,36.3,Stable,False
z_39.0_16.5,2024,Augmentation,50.3,50.3,19.4,30.3,Stable,False
z_39.0_16.5,2025,Augmentation,47.5,47.5,17.9,34.6,Augmentation,True
z_39.0_18.0,2023,Augmentation,63.6,63.6,13.9,22.4,Diminution,False
z_39.0_18.0,2024,Augmentation,47.5,47.5,22.7,29.7,Augmentation,True
z_39.0_18.0,2025,Augmentation,63.7,63.7,18.4,17.9,Diminution,False
z_39.0_19.5,2023,Augmentation,52.9,52.9,21.0,26.1,Diminution,False
z_39.0_19.5,2024,Augmentation,49.3,49.3,18.1,32.5,Diminution,False
z_39.0_19.5,2025,Augmentation,47.9,47.9,19.9,32.1,Diminution,False
z_39.0_22.5,2023,Augmentation,44.5,44.5,19.7,35.8,Stable,False
z_39.0_22.5,2024,Augmentation,48.4,48.4,18.4,33.2,Diminution,False
z_39.0_22.5,2025,Augmentation,35.8,35.8,18.4,45.8,Diminution,False
z_39.0_24.0,2023,Augmentation,58.7,58.7,21.3,20.0,Diminution,False
z_39.0_24.0,2024,Augmentation,56.1,56.1,21.3,22.6,Augmentation,True
z_39.0_24.0,2025,Augmentation,65.6,65.6,17.3,17.0,Diminution,False
z_39.0_25.5,2023,Augmentation,55.6,55.6,17.9,26.5,Diminution,False
z_39.0_25.5,2024,Augmentation,48.4,48.4,18.3,33.4,Diminution,False
z_39.0_25.5,2025,Augmentation,48.9,48.9,12.9,38.2,Diminution,False
z_39.0_3.0,2023,Augmentation,60.3,60.3,16.4,23.3,Augmentation,True
z_39.0_3.0,2024,Augmentation,56.1,56.1,20.3,23.7,Stable,False
z_39.0_3.0,2025,Augmentation,51.0,51.0,19.6,29.4,Diminution,False
z_39.0_4.5,2023,Augmentation,16.5,16.5,23.7,59.8,Diminution,False
z_39.0_4.5,2024,Augmentation,24.3,24.3,38.3,37.4,Augmentation,True
z_39.0_4.5,2025,Augmentation,23.1,23.1,36.9,40.0,Diminution,False
z_39.0_6.0,2023,Diminution,82.5,1.4,82.5,16.1,Stable,False
z_39.0_6.0,2024,Diminution,71.6,5.9,71.6,22.5,Diminution,True
z_39.0_6.0,2025,Diminution,60.1,13.7,60.1,26.2,Diminution,True
z_39.0_7.5,2023,Augmentation,46.4,46.4,25.3,28.3,Diminution,False
z_39.0_7.5,2024,Augmentation,42.8,42.8,28.0,29.1,Diminution,False
z_39.0_7.5,2025,Augmentation,40.7,40.7,29.0,30.3,Diminution,False
z_39.0_9.0,2023,Augmentation,41.4,41.4,19.9,38.7,Augmentation,True
z_39.0_9.0,2024,Augmentation,49.8,49.8,18.1,32.1,Augmentation,True
z_39.0_9.0,2025,Augmentation,49.2,49.2,17.1,33.7,Diminution,False
z_40.5_-10.5,2023,Augmentation,41.3,41.3,18.4,40.3,Stable,False
z_40.5_-10.5,2024,Augmentation,42.8,42.8,18.2,39.0,Diminution,False
z_40.5_-10.5,2025,Augmentation,36.5,36.5,23.8,39.7,Diminution,False
z_40.5_-36.0,2023,Diminution,78.1,2.9,78.1,19.0,Diminution,True
z_40.5_-36.0,2024,Diminution,78.1,2.9,78.1,19.0,Stable,False
z_40.5_-36.0,2025,Diminution,63.1,9.9,63.1,27.0,Diminution,True
z_40.5_-9.0,2023,Augmentation,49.9,49.9,15.4,34.7,Diminution,False
z_40.5_-9.0,2024,Augmentation,42.7,42.7,16.3,40.9,Diminution,False
z_40.5_-9.0,2025,Augmentation,43.8,43.8,14.1,42.1,Diminution,False
z_40.5_0.0,2023,Augmentation,65.5,65.5,12.8,21.7,Stable,False
z_40.5_0.0,2024,Augmentation,59.1,59.1,15.1,25.8,Augmentation,True
z_40.5_0.0,2025,Augmentation,73.6,73.6,10.4,15.9,Diminution,False
z_40.5_1.5,2023,Augmentation,68.7,68.7,12.8,18.6,Augmentation,True
z_40.5_1.5,2024,Augmentation,61.5,61.5,12.1,26.4,Diminution,False
z_40.5_1.5,2025,Augmentation,50.9,50.9,20.6,28.5,Augmentation,True
z_40.5_10.5,2023,Augmentation,39.6,39.6,33.1,27.3,Diminution,False
z_40.5_10.5,2024,Augmentation,42.7,42.7,23.4,33.9,Diminution,False
z_40.5_10.5,2025,Augmentation,46.3,46.3,24.1,29.7,Diminution,False
z_40.5_12.0,2023,Augmentation,46.1,46.1,24.3,29.6,Stable,False
z_40.5_12.0,2024,Augmentation,57.5,57.5,19.9,22.7,Stable,False
z_40.5_12.0,2025,Augmentation,53.8,53.8,16.8,29.5,Diminution,False
z_40.5_13.5,2023,Augmentation,33.5,33.5,16.2,50.4,Diminution,False
z_40.5_13.5,2024,Augmentation,43.7,43.7,15.3,41.0,Augmentation,True
z_40.5_13.5,2025,Augmentation,43.9,43.9,14.5,41.5,Augmentation,True
z_40.5_16.5,2023,Augmentation,47.7,47.7,17.5,34.9,Augmentation,True
z_40.5_16.5,2024,Augmentation,46.6,46.6,20.0,33.3,Augmentation,True
z_40.5_16.5,2025,Augmentation,48.7,48.7,17.0,34.3,Augmentation,True
z_40.5_18.0,2023,Augmentation,32.7,32.7,22.0,45.3,Stable,False
z_40.5_18.0,2024,Augmentation,39.8,39.8,21.6,38.6,Augmentation,True
z_40.5_18.0,2025,Augmentation,36.9,36.9,22.2,40.9,Diminution,False
z_40.5_22.5,2023,Augmentation,61.3,61.3,18.0,20.7,Augmentation,True
z_40.5_22.5,2024,Augmentation,58.8,58.8,18.9,22.3,Diminution,False
z_40.5_22.5,2025,Augmentation,54.3,54.3,20.3,25.4,Diminution,False
z_40.5_24.0,2023,Augmentation,43.1,43.1,16.6,40.3,Diminution,False
z_40.5_24.0,2024,Augmentation,40.5,40.5,19.5,40.0,Augmentation,True
z_40.5_24.0,2025,Augmentation,51.4,51.4,15.8,32.8,Augmentation,True
z_40.5_25.5,2023,Augmentation,61.3,61.3,13.6,25.1,Diminution,False
z_40.5_25.5,2024,Augmentation,37.7,37.7,19.4,42.8,Diminution,False
z_40.5_25.5,2025,Augmentation,54.1,54.1,16.9,29.0,Diminution,False
z_40.5_27.0,2023,Augmentation,25.1,25.1,29.2,45.7,Diminution,False
z_40.5_27.0,2024,Augmentation,40.6,40.6,30.2,29.2,Diminution,False
z_40.5_27.0,2025,Augmentation,41.0,41.0,29.2,29.8,Diminution,False
z_40.5_28.5,2023,Augmentation,37.8,37.8,21.1,41.1,Augmentation,True
z_40.5_28.5,2024,Augmentation,46.1,46.1,14.2,39.7,Diminution,False
z_40.5_28.5,2025,Augmentation,33.3,33.3,22.7,43.9,Diminution,False
z_40.5_3.0,2023,Augmentation,52.7,52.7,13.6,33.7,Augmentation,True
z_40.5_3.0,2024,Augmentation,54.9,54.9,16.8,28.3,Augmentation,True
z_40.5_3.0,2025,Augmentation,55.5,55.5,14.0,30.5,Augmentation,True
z_40.5_4.5,2023,Diminution,67.1,12.1,67.1,20.8,Diminution,True
z_40.5_4.5,2024,Diminution,71.5,9.7,71.5,18.8,Diminution,True
z_40.5_4.5,2025,Diminution,63.7,11.2,63.7,25.1,Diminution,True
z_40.5_7.5,2023,Augmentation,45.4,45.4,18.4,36.2,Augmentation,True
z_40.5_7.5,2024,Augmentation,36.5,36.5,22.1,41.4,Augmentation,True
z_40.5_7.5,2025,Augmentation,46.7,46.7,21.6,31.7,Augmentation,True
z_40.5_9.0,2023,Augmentation,47.9,47.9,28.1,24.0,Stable,False
z_40.5_9.0,2024,Augmentation,46.5,46.5,22.2,31.3,Diminution,False
z_40.5_9.0,2025,Augmentation,60.0,60.0,21.0,19.0,Diminution,False
z_42.0_-10.5,2023,Augmentation,55.8,55.8,12.1,32.1,Stable,False
z_42.0_-10.5,2024,Augmentation,47.5,47.5,15.8,36.8,Augmentation,True
z_42.0_-10.5,2025,Augmentation,47.7,47.7,17.1,35.1,Stable,False
z_42.0_-3.0,2023,Augmentation,63.6,63.6,15.9,20.6,Stable,False
z_42.0_-3.0,2024,Augmentation,61.6,61.6,14.7,23.7,Augmentation,True
z_42.0_-3.0,2025,Augmentation,73.0,73.0,12.4,14.5,Stable,False
z_42.0_-4.5,2023,Augmentation,42.4,42.4,17.6,40.0,Augmentation,True
z_42.0_-4.5,2024,Augmentation,54.2,54.2,15.9,29.9,Augmentation,True
z_42.0_-4.5,2025,Augmentation,59.8,59.8,15.6,24.6,Diminution,False
z_42.0_-6.0,2023,Diminution,65.1,8.0,65.1,26.8,Diminution,True
z_42.0_-6.0,2024,Diminution,58.2,7.0,58.2,34.8,Diminution,True
z_42.0_-6.0,2025,Diminution,57.8,6.2,57.8,36.0,Diminution,True
z_42.0_-9.0,2023,Augmentation,49.3,49.3,16.5,34.2,Augmentation,True
z_42.0_-9.0,2024,Augmentation,54.3,54.3,14.4,31.3,Augmentation,True
z_42.0_-9.0,2025,Augmentation,51.9,51.9,13.4,34.7,Diminution,False
z_42.0_10.5,2023,Augmentation,36.2,36.2,27.3,36.6,Augmentation,True
z_42.0_10.5,2024,Augmentation,45.5,45.5,24.1,30.4,Diminution,False
z_42.0_10.5,2025,Augmentation,39.5,39.5,23.0,37.5,Diminution,False
z_42.0_13.5,2023,Augmentation,46.9,46.9,22.8,30.3,Stable,False
z_42.0_13.5,2024,Augmentation,50.4,50.4,18.5,31.1,Stable,False
z_42.0_13.5,2025,Augmentation,67.6,67.6,15.3,17.1,Diminution,False
z_42.0_15.0,2023,Augmentation,52.7,52.7,13.7,33.6,Augmentation,True
z_42.0_15.0,2024,Augmentation,53.1,53.1,13.0,33.8,Augmentation,True
z_42.0_15.0,2025,Augmentation,54.6,54.6,14.6,30.8,Diminution,False
z_42.0_16.5,2023,Augmentation,37.8,37.8,29.3,32.9,Augmentation,True
z_42.0_16.5,2024,Augmentation,39.9,39.9,26.7,33.4,Augmentation,True
z_42.0_16.5,2025,Augmentation,43.9,43.9,26.2,29.9,Diminution,False
z_42.0_18.0,2023,Augmentation,37.0,37.0,29.3,33.7,Diminution,False
z_42.0_18.0,2024,Augmentation,35.8,35.8,36.4,27.9,Diminution,False
z_42.0_18.0,2025,Augmentation,25.5,25.5,35.1,39.3,Diminution,False
z_42.0_27.0,2023,Augmentation,69.4,69.4,12.1,18.5,Diminution,False
z_42.0_27.0,2024,Augmentation,46.8,46.8,15.6,37.6,Diminution,False
z_42.0_27.0,2025,Augmentation,52.5,52.5,17.5,30.0,Diminution,False
z_42.0_28.5,2023,Diminution,59.0,5.6,59.0,35.4,Augmentation,False
z_42.0_28.5,2024,Diminution,53.5,7.3,53.5,39.3,Diminution,True
z_42.0_28.5,2025,Diminution,60.1,9.9,60.1,29.9,Diminution,True
z_42.0_3.0,2023,Augmentation,46.6,46.6,20.9,32.5,Augmentation,True
z_42.0_3.0,2024,Augmentation,47.9,47.9,19.7,32.4,Augmentation,True
z_42.0_3.0,2025,Augmentation,39.4,39.4,21.3,39.3,Stable,False
z_42.0_4.5,2023,Augmentation,33.8,33.8,21.1,45.2,Augmentation,True
z_42.0_4.5,2024,Augmentation,39.1,39.1,18.8,42.1,Diminution,False
z_42.0_4.5,2025,Augmentation,32.5,32.5,22.6,44.8,Diminution,False
z_42.0_6.0,2023,Augmentation,50.8,50.8,23.6,25.7,Augmentation,True
z_42.0_6.0,2024,Augmentation,57.4,57.4,20.6,22.0,Augmentation,True
z_42.0_6.0,2025,Augmentation,55.3,55.3,19.6,25.1,Diminution,False
z_42.0_7.5,2023,Augmentation,29.0,29.0,27.3,43.7,Diminution,False
z_42.0_7.5,2024,Augmentation,22.3,22.3,27.7,50.1,Diminution,False
z_42.0_7.5,2025,Augmentation,22.3,22.3,28.4,49.3,Diminution,False
z_42.0_9.0,2023,Augmentation,46.7,46.7,26.8,26.6,Augmentation,True
z_42.0_9.0,2024,Augmentation,54.3,54.3,23.5,22.2,Diminution,False
z_42.0_9.0,2025,Augmentation,44.5,44.5,26.5,29.0,Augmentation,True
z_43.5_-1.5,2023,Augmentation,62.7,62.7,17.5,19.8,Diminution,False
z_43.5_-1.5,2024,Augmentation,58.5,58.5,13.4,28.1,Augmentation,True
z_43.5_-1.5,2025,Augmentation,55.9,55.9,15.1,29.1,Augmentation,True
z_43.5_-10.5,2023,Augmentation,30.1,30.1,29.0,40.9,Diminution,False
z_43.5_-10.5,2024,Augmentation,26.8,26.8,27.8,45.4,Augmentation,True
z_43.5_-10.5,2025,Augmentation,37.7,37.7,27.6,34.7,Diminution,False
z_43.5_-3.0,2023,Augmentation,43.5,43.5,16.3,40.2,Augmentation,True
z_43.5_-3.0,2024,Augmentation,56.0,56.0,16.3,27.8,Augmentation,True
z_43.5_-3.0,2025,Augmentation,54.7,54.7,15.3,30.0,Diminution,False
z_43.5_-4.5,2023,Augmentation,52.2,52.2,19.1,28.7,Augmentation,True
z_43.5_-4.5,2024,Augmentation,42.9,42.9,22.2,34.9,Augmentation,True
z_43.5_-4.5,2025,Augmentation,63.6,63.6,14.9,21.4,Augmentation,True
z_43.5_-6.0,2023,Augmentation,74.4,74.4,9.7,15.8,Diminution,False
z_43.5_-6.0,2024,Augmentation,45.8,45.8,19.9,34.3,Augmentation,True
z_43.5_-6.0,2025,Augmentation,62.0,62.0,14.7,23.3,Augmentation,True
z_43.5_-7.5,2023,Augmentation,41.8,41.8,15.8,42.4,Augmentation,True
z_43.5_-7.5,2024,Augmentation,53.6,53.6,14.9,31.5,Augmentation,True
z_43.5_-7.5,2025,Augmentation,51.8,51.8,16.5,31.7,Diminution,False
z_43.5_-9.0,2023,Augmentation,58.4,58.4,13.0,28.5,Diminution,False
z_43.5_-9.0,2024,Augmentation,40.0,40.0,13.1,46.9,Stable,False
z_43.5_-9.0,2025,Augmentation,58.6,58.6,15.5,25.9,Stable,False
z_43.5_12.0,2023,Augmentation,55.1,55.1,12.6,32.3,Augmentation,True
z_43.5_12.0,2024,Augmentation,61.0,61.0,11.7,27.3,Augmentation,True
z_43.5_12.0,2025,Augmentation,64.0,64.0,11.6,24.3,Stable,False
z_43.5_13.5,2023,Augmentation,74.2,74.2,9.4,16.4,Diminution,False
z_43.5_13.5,2024,Augmentation,52.2,52.2,17.7,30.1,Augmentation,True
z_43.5_13.5,2025,Augmentation,70.5,70.5,12.6,16.9,Diminution,False
z_43.5_15.0,2023,Augmentation,27.8,27.8,34.0,38.2,Augmentation,True
z_43.5_15.0,2024,Augmentation,37.7,37.7,32.7,29.6,Diminution,False
z_43.5_15.0,2025,Augmentation,27.2,27.2,33.1,39.7,Augmentation,True
z_43.5_28.5,2023,Augmentation,39.9,39.9,19.7,40.3,Diminution,False
z_43.5_28.5,2024,Augmentation,34.5,34.5,14.3,51.1,Diminution,False
z_43.5_28.5,2025,Augmentation,36.7,36.7,16.0,47.3,Diminution,False
z_43.5_36.0,2023,Diminution,71.6,6.1,71.6,22.2,Diminution,True
z_43.5_36.0,2024,Diminution,63.4,7.0,63.4,29.6,Stable,False
z_43.5_36.0,2025,Diminution,57.3,8.6,57.3,34.1,Diminution,True
z_43.5_37.5,2023,Augmentation,47.7,47.7,19.4,33.0,Diminution,False
z_43.5_37.5,2024,Augmentation,44.3,44.3,23.7,32.0,Diminution,False
z_43.5_37.5,2025,Augmentation,36.0,36.0,26.2,37.8,Diminution,False
z_43.5_6.0,2023,Augmentation,20.4,20.4,31.2,48.4,Diminution,False
z_43.5_6.0,2024,Augmentation,27.7,27.7,31.0,41.2,Diminution,False
z_43.5_6.0,2025,Augmentation,20.4,20.4,33.4,46.2,Diminution,False
z_43.5_7.5,2023,Augmentation,31.8,31.8,19.0,49.2,Augmentation,True
z_43.5_7.5,2024,Augmentation,37.3,37.3,19.4,43.4,Stable,False
z_43.5_7.5,2025,Augmentation,36.3,36.3,19.1,44.6,Diminution,False
z_43.5_9.0,2023,Augmentation,58.5,58.5,12.3,29.2,Stable,False
z_43.5_9.0,2024,Augmentation,61.6,61.6,13.9,24.4,Stable,False
z_43.5_9.0,2025,Augmentation,69.2,69.2,12.2,18.6,Stable,False
z_45.0_-1.5,2023,Augmentation,69.8,69.8,11.6,18.6,Augmentation,True
z_45.0_-1.5,2024,Augmentation,69.3,69.3,9.3,21.5,Stable,False
z_45.0_-1.5,2025,Augmentation,48.4,48.4,13.5,38.1,Augmentation,True
z_45.0_-3.0,2023,Augmentation,52.0,52.0,17.7,30.3,Augmentation,True
z_45.0_-3.0,2024,Augmentation,49.9,49.9,18.0,32.1,Augmentation,True
z_45.0_-3.0,2025,Augmentation,46.0,46.0,23.2,30.8,Augmentation,True
z_45.0_-4.5,2023,Augmentation,61.0,61.0,18.0,21.0,Augmentation,True
z_45.0_-4.5,2024,Augmentation,49.9,49.9,22.0,28.1,Diminution,False
z_45.0_-4.5,2025,Augmentation,43.9,43.9,26.0,30.1,Augmentation,True
z_45.0_-6.0,2023,Augmentation,20.8,20.8,39.2,40.0,Stable,False
z_45.0_-6.0,2024,Augmentation,24.8,24.8,38.1,37.1,Stable,False
z_45.0_-6.0,2025,Augmentation,23.4,23.4,35.4,41.2,Diminution,False
z_45.0_-7.5,2023,Augmentation,24.5,24.5,27.0,48.5,Diminution,False
z_45.0_-7.5,2024,Augmentation,29.9,29.9,30.9,39.1,Diminution,False
z_45.0_-7.5,2025,Augmentation,29.0,29.0,31.8,39.2,Stable,False
z_45.0_-9.0,2023,Stable,62.3,15.5,22.1,62.3,Stable,True
z_45.0_-9.0,2024,Augmentation,18.9,18.9,25.3,55.8,Diminution,False
z_45.0_-9.0,2025,Augmentation,15.8,15.8,28.0,56.1,Augmentation,True
z_45.0_12.0,2023,Augmentation,47.5,47.5,15.2,37.2,Diminution,False
z_45.0_12.0,2024,Augmentation,36.8,36.8,13.5,49.7,Stable,False
z_45.0_12.0,2025,Augmentation,47.5,47.5,16.1,36.5,Augmentation,True
z_45.0_13.5,2023,Augmentation,46.8,46.8,14.1,39.0,Stable,False
z_45.0_13.5,2024,Augmentation,51.6,51.6,15.0,33.4,Augmentation,True
z_45.0_13.5,2025,Augmentation,61.6,61.6,12.3,26.1,Augmentation,True
z_45.0_28.5,2023,Diminution,82.7,3.2,82.7,14.2,Augmentation,False
z_45.0_28.5,2024,Diminution,82.7,3.2,82.7,14.2,Stable,False
z_45.0_28.5,2025,Diminution,76.8,5.1,76.8,18.1,Diminution,True
z_45.0_36.0,2023,Augmentation,26.4,26.4,24.9,48.7,Diminution,False
z_45.0_36.0,2024,Augmentation,39.0,39.0,27.6,33.4,Diminution,False
z_45.0_36.0,2025,Augmentation,31.8,31.8,27.9,40.3,Diminution,False
z_46.5_-10.5,2023,Diminution,69.1,2.7,69.1,28.2,Augmentation,False
z_46.5_-10.5,2024,Diminution,62.5,10.2,62.5,27.3,Diminution,True
z_46.5_-10.5,2025,Diminution,62.6,5.5,62.6,31.9,Diminution,True
z_46.5_-3.0,2023,Augmentation,52.9,52.9,14.0,33.1,Augmentation,True
z_46.5_-3.0,2024,Augmentation,52.5,52.5,18.5,29.1,Augmentation,True
z_46.5_-3.0,2025,Augmentation,55.1,55.1,14.1,30.8,Stable,False
z_46.5_-4.5,2023,Augmentation,61.9,61.9,12.4,25.8,Augmentation,True
z_46.5_-4.5,2024,Augmentation,59.9,59.9,10.8,29.3,Augmentation,True
z_46.5_-4.5,2025,Augmentation,55.2,55.2,13.3,31.5,Augmentation,True
z_46.5_-6.0,2023,Augmentation,51.4,51.4,13.6,35.0,Augmentation,True
z_46.5_-6.0,2024,Augmentation,54.6,54.6,16.0,29.3,Augmentation,True
z_46.5_-6.0,2025,Augmentation,47.9,47.9,17.5,34.6,Diminution,False
z_46.5_-7.5,2023,Augmentation,55.5,55.5,19.7,24.7,Diminution,False
z_46.5_-7.5,2024,Augmentation,44.5,44.5,27.8,27.7,Diminution,False
z_46.5_-7.5,2025,Augmentation,39.0,39.0,24.5,36.5,Augmentation,True
z_48.0_-1.5,2023,Augmentation,39.4,39.4,19.9,40.6,Augmentation,True
z_48.0_-1.5,2024,Augmentation,57.4,57.4,14.5,28.2,Diminution,False
z_48.0_-1.5,2025,Augmentation,44.8,44.8,17.6,37.5,Diminution,False
z_48.0_-10.5,2023,Augmentation,25.1,25.1,19.3,55.6,Stable,False
z_48.0_-10.5,2024,Augmentation,28.5,28.5,27.2,44.3,Stable,False
z_48.0_-10.5,2025,Augmentation,28.2,28.2,28.5,43.2,Diminution,False
z_48.0_-12.0,2023,Augmentation,28.2,28.2,31.7,40.2,Diminution,False
z_48.0_-12.0,2024,Augmentation,30.8,30.8,30.3,39.0,Diminution,False
z_48.0_-12.0,2025,Augmentation,29.2,29.2,35.8,35.1,Stable,False
z_48.0_-15.0,2023,Diminution,71.0,8.2,71.0,20.8,Stable,False
z_48.0_-15.0,2024,Diminution,56.4,17.7,56.4,26.0,Diminution,True
z_48.0_-15.0,2025,Diminution,69.0,6.7,69.0,24.3,Diminution,True
z_48.0_-3.0,2023,Augmentation,50.3,50.3,15.9,33.8,Stable,False
z_48.0_-3.0,2024,Augmentation,47.8,47.8,17.6,34.7,Diminution,False
z_48.0_-3.0,2025,Augmentation,35.5,35.5,24.1,40.4,Diminution,False
z_48.0_-4.5,2023,Augmentation,61.3,61.3,11.4,27.2,Augmentation,True
z_48.0_-4.5,2024,Augmentation,49.9,49.9,17.2,32.9,Stable,False
z_48.0_-4.5,2025,Augmentation,51.3,51.3,13.6,35.1,Diminution,False
z_48.0_-6.0,2023,Augmentation,42.4,42.4,24.8,32.8,Stable,False
z_48.0_-6.0,2024,Augmentation,42.3,42.3,29.2,28.5,Augmentation,True
z_48.0_-6.0,2025,Augmentation,49.8,49.8,22.9,27.2,Augmentation,True
z_48.0_-7.5,2023,Augmentation,66.0,66.0,14.3,19.7,Augmentation,True
z_48.0_-7.5,2024,Augmentation,65.2,65.2,15.8,19.0,Stable,False
z_48.0_-7.5,2025,Augmentation,55.7,55.7,21.5,22.8,Diminution,False
z_48.0_-9.0,2023,Augmentation,40.7,40.7,22.4,36.9,Augmentation,True
z_48.0_-9.0,2024,Augmentation,42.6,42.6,24.1,33.3,Augmentation,True
z_48.0_-9.0,2025,Augmentation,51.2,51.2,21.0,27.8,Augmentation,True
z_49.5_-1.5,2023,Augmentation,29.4,29.4,20.0,50.6,Diminution,False
z_49.5_-1.5,2024,Augmentation,32.5,32.5,14.0,53.4,Diminution,False
z_49.5_-1.5,2025,Augmentation,29.6,29.6,13.5,56.9,Diminution,False
z_49.5_-12.0,2023,Augmentation,50.1,50.1,16.9,33.0,Stable,False
z_49.5_-12.0,2024,Augmentation,40.1,40.1,17.3,42.6,Diminution,False
z_49.5_-12.0,2025,Augmentation,54.5,54.5,18.3,27.2,Diminution,False
z_49.5_-3.0,2023,Augmentation,45.4,45.4,23.6,30.9,Diminution,False
z_49.5_-3.0,2024,Augmentation,32.7,32.7,27.5,39.8,Diminution,False
z_49.5_-3.0,2025,Augmentation,37.2,37.2,24.0,38.8,Diminution,False
z_49.5_-4.5,2023,Augmentation,29.6,29.6,19.0,51.4,Diminution,False
z_49.5_-4.5,2024,Augmentation,36.2,36.2,15.1,48.7,Diminution,False
z_49.5_-4.5,2025,Augmentation,32.2,32.2,17.1,50.7,Diminution,False
z_49.5_-6.0,2023,Augmentation,37.2,37.2,20.7,42.1,Diminution,False
z_49.5_-6.0,2024,Augmentation,44.6,44.6,17.0,38.5,Diminution,False
z_49.5_-6.0,2025,Augmentation,43.7,43.7,20.2,36.1,Diminution,False
z_49.5_-7.5,2023,Augmentation,38.0,38.0,22.7,39.3,Diminution,False
z_49.5_-7.5,2024,Augmentation,34.2,34.2,28.7,37.1,Diminution,False
z_49.5_-7.5,2025,Augmentation,37.8,37.8,23.4,38.8,Diminution,False
z_49.5_-9.0,2023,Augmentation,35.2,35.2,17.1,47.6,Augmentation,True
z_49.5_-9.0,2024,Augmentation,39.8,39.8,14.8,45.4,Augmentation,True
z_49.5_-9.0,2025,Augmentation,55.0,55.0,14.4,30.6,Augmentation,True
z_49.5_0.0,2023,Augmentation,46.1,46.1,17.8,36.0,Diminution,False
z_49.5_0.0,2024,Augmentation,43.5,43.5,18.8,37.7,Diminution,False
z_49.5_0.0,2025,Augmentation,47.2,47.2,17.8,34.9,Diminution,False
z_51.0_-10.5,2023,Augmentation,62.4,62.4,16.1,21.5,Augmentation,True
z_51.0_-10.5,2024,Augmentation,65.6,65.6,17.5,16.9,Augmentation,True
z_51.0_-10.5,2025,Augmentation,54.1,54.1,15.8,30.2,Diminution,False
z_51.0_-12.0,2023,Augmentation,46.5,46.5,19.1,34.3,Stable,False
z_51.0_-12.0,2024,Augmentation,44.7,44.7,18.8,36.5,Augmentation,True
z_51.0_-12.0,2025,Augmentation,46.4,46.4,20.7,32.9,Augmentation,True
z_51.0_-13.5,2023,Augmentation,37.9,37.9,22.2,39.9,Stable,False
z_51.0_-13.5,2024,Augmentation,21.5,21.5,24.5,54.1,Stable,False
z_51.0_-13.5,2025,Augmentation,22.1,22.1,33.5,44.4,Stable,False
z_51.0_-15.0,2023,Augmentation,35.7,35.7,21.2,43.1,Diminution,False
z_51.0_-15.0,2024,Augmentation,40.2,40.2,18.9,40.8,Stable,False
z_51.0_-15.0,2025,Augmentation,37.1,37.1,19.4,43.6,Augmentation,True
z_51.0_-16.5,2023,Diminution,56.8,5.8,56.8,37.4,Stable,False
z_51.0_-16.5,2024,Diminution,42.8,10.1,42.8,47.2,Diminution,True
z_51.0_-16.5,2025,Diminution,53.4,11.1,53.4,35.4,Diminution,True
z_51.0_-4.5,2023,Augmentation,36.1,36.1,35.0,28.8,Diminution,False
z_51.0_-4.5,2024,Augmentation,36.0,36.0,28.4,35.5,Diminution,False
z_51.0_-4.5,2025,Augmentation,34.6,34.6,28.9,36.4,Diminution,False
z_51.0_-6.0,2023,Augmentation,38.9,38.9,32.6,28.5,Diminution,False
z_51.0_-6.0,2024,Augmentation,32.4,32.4,30.6,37.0,Diminution,False
z_51.0_-6.0,2025,Augmentation,41.9,41.9,24.4,33.6,Diminution,False
z_51.0_-7.5,2023,Augmentation,47.6,47.6,19.9,32.5,Augmentation,True
z_51.0_-7.5,2024,Augmentation,58.4,58.4,11.6,30.0,Augmentation,True
z_51.0_-7.5,2025,Augmentation,50.6,50.6,17.8,31.7,Diminution,False
z_51.0_-9.0,2023,Augmentation,42.0,42.0,15.2,42.8,Augmentation,True
z_51.0_-9.0,2024,Augmentation,55.2,55.2,17.7,27.1,Augmentation,True
z_51.0_-9.0,2025,Augmentation,52.9,52.9,15.9,31.2,Stable,False
z_51.0_0.0,2023,Augmentation,33.3,33.3,29.8,36.9,Diminution,False
z_51.0_0.0,2024,Augmentation,33.1,33.1,29.2,37.7,Diminution,False
z_51.0_0.0,2025,Augmentation,48.9,48.9,23.9,27.2,Diminution,False
z_51.0_1.5,2023,Augmentation,45.1,45.1,15.8,39.1,Stable,False
z_51.0_1.5,2024,Augmentation,36.4,36.4,17.8,45.8,Stable,False
z_51.0_1.5,2025,Augmentation,40.3,40.3,16.9,42.8,Diminution,False
z_51.0_3.0,2023,Augmentation,40.5,40.5,11.3,48.1,Augmentation,True
z_51.0_3.0,2024,Augmentation,40.1,40.1,12.2,47.7,Augmentation,True
z_51.0_3.0,2025,Augmentation,41.5,41.5,12.8,45.7,Stable,False
z_52.5_-1.5,2023,Augmentation,33.1,33.1,21.7,45.3,Diminution,False
z_52.5_-1.5,2024,Augmentation,39.8,39.8,17.8,42.4,Diminution,False
z_52.5_-1.5,2025,Augmentation,43.9,43.9,15.2,40.9,Diminution,False
z_52.5_-10.5,2023,Augmentation,39.6,39.6,21.7,38.7,Diminution,False
z_52.5_-10.5,2024,Augmentation,39.7,39.7,23.8,36.5,Stable,False
z_52.5_-10.5,2025,Augmentation,32.3,32.3,20.7,46.9,Augmentation,True
z_52.5_-12.0,2023,Augmentation,17.2,17.2,30.1,52.7,Diminution,False
z_52.5_-12.0,2024,Augmentation,28.3,28.3,27.9,43.8,Stable,False
z_52.5_-12.0,2025,Augmentation,19.6,19.6,37.1,43.3,Diminution,False
z_52.5_-13.5,2023,Augmentation,33.6,33.6,27.0,39.3,Diminution,False
z_52.5_-13.5,2024,Augmentation,27.1,27.1,22.8,50.0,Stable,False
z_52.5_-13.5,2025,Augmentation,40.9,40.9,25.4,33.7,Stable,False
z_52.5_-15.0,2023,Diminution,44.1,19.0,44.1,36.9,Diminution,True
z_52.5_-15.0,2024,Augmentation,20.1,20.1,38.7,41.2,Diminution,False
z_52.5_-15.0,2025,Augmentation,25.5,25.5,45.3,29.1,Augmentation,True
z_52.5_-4.5,2023,Augmentation,28.0,28.0,22.1,49.9,Diminution,False
z_52.5_-4.5,2024,Augmentation,29.6,29.6,15.1,55.3,Diminution,False
z_52.5_-4.5,2025,Augmentation,37.9,37.9,17.4,44.7,Diminution,False
z_52.5_-6.0,2023,Augmentation,44.4,44.4,12.2,43.4,Diminution,False
z_52.5_-6.0,2024,Augmentation,36.7,36.7,16.4,46.9,Augmentation,True
z_52.5_-6.0,2025,Augmentation,50.9,50.9,14.8,34.3,Diminution,False
z_52.5_-7.5,2023,Augmentation,70.5,70.5,11.3,18.2,Diminution,False
z_52.5_-7.5,2024,Augmentation,69.2,69.2,11.4,19.4,Augmentation,True
z_52.5_-7.5,2025,Augmentation,64.5,64.5,10.9,24.6,Diminution,False
z_52.5_0.0,2023,Augmentation,29.4,29.4,26.9,43.7,Diminution,False
z_52.5_0.0,2024,Augmentation,27.7,27.7,24.9,47.4,Diminution,False
z_52.5_0.0,2025,Augmentation,33.9,33.9,20.9,45.2,Diminution,False
z_52.5_1.5,2023,Augmentation,40.4,40.4,29.1,30.5,Diminution,False
z_52.5_1.5,2024,Augmentation,34.3,34.3,31.3,34.4,Diminution,False
z_52.5_1.5,2025,Augmentation,33.0,33.0,27.6,39.4,Diminution,False
z_52.5_13.5,2023,Augmentation,38.7,38.7,13.6,47.7,Augmentation,True
z_52.5_13.5,2024,Augmentation,45.0,45.0,16.1,38.9,Diminution,False
z_52.5_13.5,2025,Augmentation,38.8,38.8,15.9,45.3,Diminution,False
z_52.5_3.0,2023,Augmentation,47.4,47.4,25.9,26.7,Augmentation,True
z_52.5_3.0,2024,Augmentation,60.7,60.7,17.6,21.7,Diminution,False
z_52.5_3.0,2025,Augmentation,49.2,49.2,25.9,24.9,Diminution,False
z_52.5_4.5,2023,Augmentation,43.9,43.9,15.0,41.1,Augmentation,True
z_52.5_4.5,2024,Augmentation,47.9,47.9,17.0,35.1,Diminution,False
z_52.5_4.5,2025,Augmentation,43.0,43.0,19.9,37.1,Diminution,False
z_52.5_6.0,2023,Augmentation,37.9,37.9,19.9,42.1,Augmentation,True
z_52.5_6.0,2024,Augmentation,43.6,43.6,15.4,41.0,Augmentation,True
z_52.5_6.0,2025,Augmentation,41.1,41.1,13.5,45.4,Stable,False
z_52.5_7.5,2023,Augmentation,51.6,51.6,10.1,38.2,Stable,False
z_52.5_7.5,2024,Augmentation,55.5,55.5,8.3,36.3,Stable,False
z_52.5_7.5,2025,Augmentation,44.8,44.8,9.8,45.5,Stable,False
z_52.5_9.0,2023,Augmentation,44.1,44.1,7.7,48.2,Stable,False
z_52.5_9.0,2024,Augmentation,44.9,44.9,8.6,46.5,Stable,False
z_52.5_9.0,2025,Augmentation,41.3,41.3,9.1,49.7,Diminution,False
z_54.0_-1.5,2023,Augmentation,31.0,31.0,27.4,41.5,Diminution,False
z_54.0_-1.5,2024,Augmentation,38.1,38.1,24.1,37.8,Diminution,False
z_54.0_-1.5,2025,Augmentation,35.3,35.3,21.2,43.5,Diminution,False
z_54.0_-10.5,2023,Diminution,66.2,5.3,66.2,28.5,Stable,False
z_54.0_-10.5,2024,Diminution,59.4,9.1,59.4,31.5,Stable,False
z_54.0_-10.5,2025,Diminution,53.1,16.8,53.1,30.1,Stable,False
z_54.0_-16.5,2023,Diminution,71.4,9.0,71.4,19.6,Diminution,True
z_54.0_-16.5,2024,Diminution,69.5,14.7,69.5,15.8,Stable,False
z_54.0_-16.5,2025,Diminution,57.7,18.1,57.7,24.2,Diminution,True
z_54.0_-4.5,2023,Augmentation,28.5,28.5,23.1,48.4,Diminution,False
z_54.0_-4.5,2024,Augmentation,26.9,26.9,26.8,46.4,Diminution,False
z_54.0_-4.5,2025,Augmentation,34.3,34.3,22.1,43.6,Diminution,False
z_54.0_-6.0,2023,Augmentation,32.0,32.0,23.8,44.2,Diminution,False
z_54.0_-6.0,2024,Augmentation,32.6,32.6,24.1,43.3,Diminution,False
z_54.0_-6.0,2025,Augmentation,34.5,34.5,23.1,42.3,Diminution,False
z_54.0_-7.5,2023,Augmentation,41.1,41.1,22.6,36.3,Diminution,False
z_54.0_-7.5,2024,Augmentation,35.7,35.7,23.7,40.7,Augmentation,True
z_54.0_-7.5,2025,Augmentation,48.3,48.3,22.8,28.9,Diminution,False
z_54.0_-9.0,2023,Augmentation,24.0,24.0,31.7,44.3,Stable,False
z_54.0_-9.0,2024,Augmentation,26.7,26.7,31.3,42.0,Stable,False
z_54.0_-9.0,2025,Augmentation,20.1,20.1,26.1,53.8,Diminution,False
z_54.0_0.0,2023,Augmentation,36.6,36.6,28.7,34.7,Stable,False
z_54.0_0.0,2024,Augmentation,38.9,38.9,26.6,34.5,Diminution,False
z_54.0_0.0,2025,Augmentation,37.4,37.4,27.8,34.8,Stable,False
z_54.0_1.5,2023,Augmentation,33.2,33.2,27.6,39.1,Stable,False
z_54.0_1.5,2024,Augmentation,28.8,28.8,24.3,46.9,Diminution,False
z_54.0_1.5,2025,Augmentation,36.7,36.7,31.0,32.2,Diminution,False
z_54.0_10.5,2023,Augmentation,52.4,52.4,16.7,30.9,Augmentation,True
z_54.0_10.5,2024,Augmentation,50.7,50.7,15.8,33.5,Augmentation,True
z_54.0_10.5,2025,Augmentation,49.6,49.6,16.0,34.3,Augmentation,True
z_54.0_12.0,2023,Augmentation,57.0,57.0,10.1,32.9,Augmentation,True
z_54.0_12.0,2024,Augmentation,56.9,56.9,11.0,32.1,Augmentation,True
z_54.0_12.0,2025,Augmentation,58.8,58.8,9.6,31.6,Stable,False
z_54.0_13.5,2023,Augmentation,70.1,70.1,13.5,16.4,Augmentation,True
z_54.0_13.5,2024,Augmentation,61.3,61.3,16.0,22.8,Augmentation,True
z_54.0_13.5,2025,Augmentation,59.9,59.9,19.2,20.9,Diminution,False
z_54.0_15.0,2023,Augmentation,51.9,51.9,17.6,30.5,Augmentation,True
z_54.0_15.0,2024,Augmentation,52.2,52.2,18.4,29.3,Augmentation,True
z_54.0_15.0,2025,Augmentation,48.0,48.0,15.8,36.2,Augmentation,True
z_54.0_16.5,2023,Augmentation,43.4,43.4,19.3,37.3,Diminution,False
z_54.0_16.5,2024,Augmentation,40.7,40.7,21.2,38.1,Diminution,False
z_54.0_16.5,2025,Augmentation,42.6,42.6,20.3,37.1,Diminution,False
z_54.0_18.0,2023,Augmentation,56.7,56.7,16.2,27.0,Augmentation,True
z_54.0_18.0,2024,Augmentation,57.0,57.0,14.6,28.4,Diminution,False
z_54.0_18.0,2025,Augmentation,46.3,46.3,21.0,32.7,Diminution,False
z_54.0_3.0,2023,Augmentation,29.0,29.0,25.9,45.1,Diminution,False
z_54.0_3.0,2024,Augmentation,40.2,40.2,29.9,29.9,Diminution,False
z_54.0_3.0,2025,Augmentation,46.7,46.7,28.6,24.7,Diminution,False
z_54.0_4.5,2023,Augmentation,45.5,45.5,20.7,33.8,Augmentation,True
z_54.0_4.5,2024,Augmentation,55.0,55.0,18.3,26.7,Diminution,False
z_54.0_4.5,2025,Augmentation,46.1,46.1,22.0,31.9,Augmentation,True
z_54.0_6.0,2023,Augmentation,47.3,47.3,23.2,29.6,Augmentation,True
z_54.0_6.0,2024,Augmentation,55.9,55.9,23.7,20.4,Augmentation,True
z_54.0_6.0,2025,Augmentation,43.8,43.8,22.6,33.7,Diminution,False
z_54.0_7.5,2023,Augmentation,59.5,59.5,11.4,29.1,Stable,False
z_54.0_7.5,2024,Augmentation,53.3,53.3,11.8,34.9,Diminution,False
z_54.0_7.5,2025,Augmentation,51.2,51.2,11.8,37.0,Diminution,False
z_54.0_9.0,2023,Augmentation,57.4,57.4,11.7,30.8,Augmentation,True
z_54.0_9.0,2024,Augmentation,48.1,48.1,10.3,41.7,Stable,False
z_54.0_9.0,2025,Augmentation,41.8,41.8,15.0,43.2,Diminution,False
z_55.5_-10.5,2023,Diminution,51.1,16.9,51.1,32.1,Stable,False
z_55.5_-10.5,2024,Diminution,39.1,12.5,39.1,48.4,Diminution,True
z_55.5_-10.5,2025,Diminution,44.7,15.5,44.7,39.7,Diminution,True
z_55.5_-15.0,2023,Diminution,76.2,3.6,76.2,20.3,Diminution,True
z_55.5_-15.0,2024,Diminution,56.1,6.9,56.1,37.0,Diminution,True
z_55.5_-15.0,2025,Diminution,71.1,5.3,71.1,23.7,Diminution,True
z_55.5_-3.0,2023,Augmentation,32.4,32.4,28.7,38.9,Diminution,False
z_55.5_-3.0,2024,Augmentation,34.1,34.1,28.0,37.9,Diminution,False
z_55.5_-3.0,2025,Augmentation,40.0,40.0,26.0,34.0,Diminution,False
z_55.5_-4.5,2023,Augmentation,30.7,30.7,29.7,39.7,Diminution,False
z_55.5_-4.5,2024,Augmentation,26.0,26.0,30.5,43.5,Diminution,False
z_55.5_-4.5,2025,Augmentation,29.6,29.6,33.0,37.5,Diminution,False
z_55.5_-6.0,2023,Augmentation,28.5,28.5,30.0,41.6,Diminution,False
z_55.5_-6.0,2024,Augmentation,31.6,31.6,30.9,37.6,Diminution,False
z_55.5_-6.0,2025,Augmentation,35.0,35.0,28.2,36.8,Diminution,False
z_55.5_-7.5,2023,Augmentation,24.4,24.4,29.5,46.0,Diminution,False
z_55.5_-7.5,2024,Augmentation,38.8,38.8,27.3,33.9,Diminution,False
z_55.5_-7.5,2025,Augmentation,35.9,35.9,30.7,33.4,Diminution,False
z_55.5_0.0,2023,Augmentation,33.4,33.4,26.7,39.9,Diminution,False
z_55.5_0.0,2024,Augmentation,44.8,44.8,27.1,28.2,Stable,False
z_55.5_0.0,2025,Augmentation,40.1,40.1,28.4,31.5,Diminution,False
z_55.5_1.5,2023,Augmentation,35.2,35.2,28.6,36.1,Stable,False
z_55.5_1.5,2024,Augmentation,22.6,22.6,34.8,42.6,Diminution,False
z_55.5_1.5,2025,Augmentation,21.2,21.2,41.7,37.1,Augmentation,True
z_55.5_10.5,2023,Augmentation,41.4,41.4,23.2,35.4,Augmentation,True
z_55.5_10.5,2024,Augmentation,48.3,48.3,17.8,33.8,Diminution,False
z_55.5_10.5,2025,Augmentation,42.5,42.5,20.4,37.1,Diminution,False
z_55.5_12.0,2023,Augmentation,47.2,47.2,20.7,32.1,Augmentation,True
z_55.5_12.0,2024,Augmentation,45.5,45.5,12.6,41.9,Augmentation,True
z_55.5_12.0,2025,Augmentation,46.6,46.6,19.5,33.9,Augmentation,True
z_55.5_13.5,2023,Augmentation,36.2,36.2,27.8,35.9,Augmentation,True
z_55.5_13.5,2024,Augmentation,32.7,32.7,26.1,41.1,Stable,False
z_55.5_13.5,2025,Augmentation,46.1,46.1,20.1,33.8,Diminution,False
z_55.5_15.0,2023,Augmentation,55.2,55.2,20.5,24.2,Stable,False
z_55.5_15.0,2024,Augmentation,53.8,53.8,21.3,24.9,Stable,False
z_55.5_15.0,2025,Augmentation,49.5,49.5,26.5,24.0,Diminution,False
z_55.5_16.5,2023,Augmentation,39.9,39.9,19.5,40.6,Stable,False
z_55.5_16.5,2024,Augmentation,41.5,41.5,20.4,38.2,Augmentation,True
z_55.5_16.5,2025,Augmentation,45.6,45.6,23.3,31.2,Diminution,False
z_55.5_18.0,2023,Augmentation,47.2,47.2,20.0,32.7,Diminution,False
z_55.5_18.0,2024,Augmentation,46.6,46.6,25.7,27.7,Augmentation,True
z_55.5_18.0,2025,Augmentation,42.5,42.5,24.1,33.4,Diminution,False
z_55.5_19.5,2023,Augmentation,40.6,40.6,21.3,38.0,Diminution,False
z_55.5_19.5,2024,Augmentation,43.1,43.1,20.3,36.6,Augmentation,True
z_55.5_19.5,2025,Augmentation,36.6,36.6,23.9,39.5,Diminution,False
z_55.5_21.0,2023,Augmentation,58.6,58.6,13.0,28.4,Augmentation,True
z_55.5_21.0,2024,Augmentation,53.1,53.1,16.8,30.1,Augmentation,True
z_55.5_21.0,2025,Augmentation,51.6,51.6,19.1,29.3,Diminution,False
z_55.5_3.0,2023,Augmentation,49.5,49.5,21.5,29.1,Diminution,False
z_55.5_3.0,2024,Augmentation,37.3,37.3,22.1,40.5,Diminution,False
z_55.5_3.0,2025,Augmentation,41.7,41.7,23.5,34.8,Diminution,False
z_55.5_4.5,2023,Augmentation,27.5,27.5,33.1,39.4,Diminution,False
z_55.5_4.5,2024,Augmentation,38.8,38.8,25.0,36.1,Diminution,False
z_55.5_4.5,2025,Augmentation,33.2,33.2,29.0,37.9,Diminution,False
z_55.5_6.0,2023,Augmentation,37.6,37.6,18.4,44.0,Augmentation,True
z_55.5_6.0,2024,Augmentation,59.4,59.4,16.0,24.6,Stable,False
z_55.5_6.0,2025,Augmentation,44.8,44.8,17.8,37.5,Stable,False
z_55.5_7.5,2023,Augmentation,51.9,51.9,17.8,30.3,Stable,False
z_55.5_7.5,2024,Augmentation,42.1,42.1,14.3,43.6,Augmentation,True
z_55.5_7.5,2025,Augmentation,54.6,54.6,14.1,31.3,Diminution,False
z_55.5_9.0,2023,Augmentation,60.9,60.9,19.3,19.8,Augmentation,True
z_55.5_9.0,2024,Augmentation,60.4,60.4,18.9,20.7,Augmentation,True
z_55.5_9.0,2025,Augmentation,63.0,63.0,18.9,18.1,Stable,False
z_57.0_-1.5,2023,Augmentation,34.7,34.7,27.4,37.9,Diminution,False
z_57.0_-1.5,2024,Augmentation,37.1,37.1,26.6,36.3,Diminution,False
z_57.0_-1.5,2025,Augmentation,38.7,38.7,27.8,33.6,Diminution,False
z_57.0_-10.5,2023,Augmentation,22.1,22.1,29.6,48.3,Stable,False
z_57.0_-10.5,2024,Augmentation,23.7,23.7,37.6,38.7,Diminution,False
z_57.0_-10.5,2025,Augmentation,26.1,26.1,35.7,38.1,Diminution,False
z_57.0_-3.0,2023,Augmentation,27.1,27.1,31.3,41.5,Diminution,False
z_57.0_-3.0,2024,Augmentation,31.5,31.5,30.8,37.7,Diminution,False
z_57.0_-3.0,2025,Augmentation,33.4,33.4,27.6,39.0,Diminution,False
z_57.0_-4.5,2023,Augmentation,32.9,32.9,29.3,37.8,Diminution,False
z_57.0_-4.5,2024,Augmentation,34.4,34.4,25.8,39.8,Diminution,False
z_57.0_-4.5,2025,Augmentation,43.4,43.4,25.4,31.2,Diminution,False
z_57.0_-6.0,2023,Augmentation,30.9,30.9,24.9,44.3,Diminution,False
z_57.0_-6.0,2024,Augmentation,41.4,41.4,26.0,32.6,Diminution,False
z_57.0_-6.0,2025,Augmentation,40.4,40.4,23.9,35.8,Diminution,False
z_57.0_-7.5,2023,Augmentation,27.8,27.8,30.9,41.3,Diminution,False
z_57.0_-7.5,2024,Augmentation,31.2,31.2,27.8,41.0,Diminution,False
z_57.0_-7.5,2025,Augmentation,40.0,40.0,29.2,30.8,Diminution,False
z_57.0_-9.0,2023,Augmentation,22.7,22.7,39.2,38.1,Diminution,False
z_57.0_-9.0,2024,Augmentation,34.9,34.9,30.0,35.1,Diminution,False
z_57.0_-9.0,2025,Augmentation,37.3,37.3,31.7,31.0,Diminution,False
z_57.0_0.0,2023,Augmentation,33.6,33.6,24.4,42.0,Diminution,False
z_57.0_0.0,2024,Augmentation,40.7,40.7,27.2,32.1,Diminution,False
z_57.0_0.0,2025,Augmentation,40.3,40.3,29.2,30.5,Stable,False
z_57.0_10.5,2023,Augmentation,48.3,48.3,8.9,42.8,Augmentation,True
z_57.0_10.5,2024,Augmentation,52.4,52.4,8.7,38.9,Stable,False
z_57.0_10.5,2025,Augmentation,45.3,45.3,9.9,44.8,Diminution,False
z_57.0_12.0,2023,Augmentation,40.9,40.9,21.8,37.3,Stable,False
z_57.0_12.0,2024,Augmentation,41.1,41.1,20.6,38.3,Augmentation,True
z_57.0_12.0,2025,Augmentation,40.0,40.0,20.1,39.9,Diminution,False
z_57.0_16.5,2023,Augmentation,37.4,37.4,28.0,34.7,Diminution,False
z_57.0_16.5,2024,Augmentation,36.5,36.5,32.2,31.4,Diminution,False
z_57.0_16.5,2025,Augmentation,37.2,37.2,31.7,31.0,Augmentation,True
z_57.0_18.0,2023,Augmentation,69.7,69.7,17.9,12.4,Augmentation,True
z_57.0_18.0,2024,Augmentation,70.7,70.7,17.2,12.1,Stable,False
z_57.0_18.0,2025,Augmentation,61.6,61.6,19.8,18.5,Diminution,False
z_57.0_19.5,2023,Augmentation,42.4,42.4,25.2,32.4,Stable,False
z_57.0_19.5,2024,Augmentation,37.2,37.2,24.0,38.9,Augmentation,True
z_57.0_19.5,2025,Augmentation,46.6,46.6,21.3,32.2,Diminution,False
z_57.0_21.0,2023,Augmentation,37.5,37.5,23.0,39.6,Diminution,False
z_57.0_21.0,2024,Augmentation,34.1,34.1,24.3,41.6,Diminution,False
z_57.0_21.0,2025,Augmentation,33.3,33.3,17.9,48.8,Diminution,False
z_57.0_22.5,2023,Augmentation,40.6,40.6,22.3,37.1,Augmentation,True
z_57.0_22.5,2024,Augmentation,41.9,41.9,23.5,34.7,Augmentation,True
z_57.0_22.5,2025,Augmentation,46.6,46.6,17.5,35.9,Stable,False
z_57.0_24.0,2023,Augmentation,32.9,32.9,24.9,42.3,Diminution,False
z_57.0_24.0,2024,Augmentation,39.1,39.1,32.8,28.1,Diminution,False
z_57.0_24.0,2025,Augmentation,31.6,31.6,30.9,37.5,Stable,False
z_57.0_3.0,2023,Augmentation,28.9,28.9,21.2,49.9,Diminution,False
z_57.0_3.0,2024,Augmentation,43.6,43.6,21.3,35.1,Stable,False
z_57.0_3.0,2025,Augmentation,26.8,26.8,21.3,51.9,Stable,False
z_57.0_4.5,2023,Augmentation,34.7,34.7,26.2,39.1,Augmentation,True
z_57.0_4.5,2024,Augmentation,50.5,50.5,20.0,29.5,Augmentation,True
z_57.0_4.5,2025,Augmentation,34.4,34.4,23.7,41.9,Stable,False
z_57.0_6.0,2023,Augmentation,41.6,41.6,15.8,42.6,Stable,False
z_57.0_6.0,2024,Augmentation,45.9,45.9,16.1,38.1,Augmentation,True
z_57.0_6.0,2025,Augmentation,49.0,49.0,17.7,33.3,Diminution,False
z_57.0_7.5,2023,Augmentation,62.4,62.4,18.3,19.3,Augmentation,True
z_57.0_7.5,2024,Augmentation,67.5,67.5,13.1,19.4,Stable,False
z_57.0_7.5,2025,Augmentation,58.1,58.1,15.3,26.6,Stable,False
z_57.0_9.0,2023,Augmentation,73.4,73.4,10.6,16.0,Augmentation,True
z_57.0_9.0,2024,Augmentation,65.8,65.8,12.0,22.1,Stable,False
z_57.0_9.0,2025,Augmentation,65.7,65.7,13.3,21.0,Diminution,False
z_58.5_-1.5,2023,Augmentation,36.1,36.1,21.3,42.6,Diminution,False
z_58.5_-1.5,2024,Augmentation,31.4,31.4,26.0,42.6,Diminution,False
z_58.5_-1.5,2025,Augmentation,35.8,35.8,22.7,41.5,Diminution,False
z_58.5_-10.5,2023,Diminution,77.1,2.2,77.1,20.7,Diminution,True
z_58.5_-10.5,2024,Diminution,77.1,2.2,77.1,20.7,Diminution,True
z_58.5_-10.5,2025,Diminution,77.1,2.2,77.1,20.7,Stable,False
z_58.5_-3.0,2023,Augmentation,43.1,43.1,30.0,26.9,Diminution,False
z_58.5_-3.0,2024,Augmentation,40.4,40.4,28.5,31.1,Diminution,False
z_58.5_-3.0,2025,Augmentation,34.5,34.5,30.3,35.3,Diminution,False
z_58.5_-6.0,2023,Augmentation,36.8,36.8,18.5,44.7,Diminution,False
z_58.5_-6.0,2024,Augmentation,37.4,37.4,23.2,39.4,Diminution,False
z_58.5_-6.0,2025,Augmentation,39.5,39.5,27.2,33.3,Diminution,False
z_58.5_-9.0,2023,Augmentation,40.5,40.5,23.9,35.6,Diminution,False
z_58.5_-9.0,2024,Augmentation,41.8,41.8,25.1,33.1,Diminution,False
z_58.5_-9.0,2025,Augmentation,42.1,42.1,24.7,33.3,Stable,False
z_58.5_0.0,2023,Augmentation,33.2,33.2,20.6,46.2,Stable,False
z_58.5_0.0,2024,Augmentation,41.0,41.0,20.0,38.9,Diminution,False
z_58.5_0.0,2025,Augmentation,32.2,32.2,20.8,47.0,Diminution,False
z_58.5_1.5,2023,Augmentation,34.7,34.7,18.2,47.1,Diminution,False
z_58.5_1.5,2024,Augmentation,32.9,32.9,23.6,43.5,Diminution,False
z_58.5_1.5,2025,Augmentation,34.4,34.4,20.7,44.9,Diminution,False
z_58.5_10.5,2023,Augmentation,56.3,56.3,11.6,32.0,Augmentation,True
z_58.5_10.5,2024,Augmentation,50.6,50.6,14.2,35.2,Diminution,False
z_58.5_10.5,2025,Augmentation,50.4,50.4,15.0,34.6,Stable,False
z_58.5_15.0,2023,Augmentation,49.5,49.5,17.7,32.7,Diminution,False
z_58.5_15.0,2024,Augmentation,52.4,52.4,16.8,30.8,Stable,False
z_58.5_15.0,2025,Augmentation,50.9,50.9,15.9,33.3,Augmentation,True
z_58.5_16.5,2023,Augmentation,66.7,66.7,14.7,18.6,Stable,False
z_58.5_16.5,2024,Augmentation,65.7,65.7,18.7,15.5,Diminution,False
z_58.5_16.5,2025,Augmentation,68.1,68.1,20.6,11.3,Augmentation,True
z_58.5_18.0,2023,Augmentation,58.9,58.9,22.8,18.2,Augmentation,True
z_58.5_18.0,2024,Augmentation,64.4,64.4,18.4,17.2,Stable,False
z_58.5_18.0,2025,Augmentation,55.9,55.9,27.8,16.4,Stable,False
z_58.5_19.5,2023,Augmentation,34.5,34.5,25.5,40.1,Stable,False
z_58.5_19.5,2024,Augmentation,35.9,35.9,23.5,40.5,Augmentation,True
z_58.5_19.5,2025,Augmentation,56.3,56.3,18.7,24.9,Stable,False
z_58.5_21.0,2023,Augmentation,33.6,33.6,24.8,41.6,Stable,False
z_58.5_21.0,2024,Augmentation,39.4,39.4,26.7,33.9,Augmentation,True
z_58.5_21.0,2025,Augmentation,37.9,37.9,22.5,39.6,Augmentation,True
z_58.5_22.5,2023,Augmentation,48.9,48.9,19.1,32.0,Diminution,False
z_58.5_22.5,2024,Augmentation,41.4,41.4,18.5,40.1,Stable,False
z_58.5_22.5,2025,Augmentation,43.4,43.4,17.9,38.7,Diminution,False
z_58.5_24.0,2023,Augmentation,55.0,55.0,21.5,23.5,Augmentation,True
z_58.5_24.0,2024,Augmentation,59.9,59.9,18.9,21.3,Augmentation,True
z_58.5_24.0,2025,Augmentation,61.7,61.7,17.6,20.8,Augmentation,True
z_58.5_25.5,2023,Augmentation,44.2,44.2,25.6,30.2,Diminution,False
z_58.5_25.5,2024,Augmentation,40.3,40.3,26.6,33.1,Diminution,False
z_58.5_25.5,2025,Augmentation,45.1,45.1,21.5,33.4,Diminution,False
z_58.5_27.0,2023,Augmentation,28.4,28.4,28.2,43.4,Diminution,False
z_58.5_27.0,2024,Augmentation,51.9,51.9,26.3,21.8,Diminution,False
z_58.5_27.0,2025,Augmentation,50.0,50.0,27.8,22.2,Diminution,False
z_58.5_28.5,2023,Augmentation,37.5,37.5,20.9,41.6,Diminution,False
z_58.5_28.5,2024,Augmentation,25.5,25.5,28.0,46.4,Stable,False
z_58.5_28.5,2025,Augmentation,33.4,33.4,28.3,38.4,Diminution,False
z_58.5_3.0,2023,Augmentation,33.9,33.9,25.0,41.1,Stable,False
z_58.5_3.0,2024,Augmentation,33.1,33.1,28.3,38.7,Diminution,False
z_58.5_3.0,2025,Augmentation,24.3,24.3,22.5,53.3,Augmentation,True
z_58.5_4.5,2023,Augmentation,30.2,30.2,23.9,46.0,Stable,False
z_58.5_4.5,2024,Augmentation,36.3,36.3,20.4,43.3,Augmentation,True
z_58.5_4.5,2025,Augmentation,45.0,45.0,17.6,37.4,Diminution,False
z_58.5_6.0,2023,Diminution,62.8,9.7,62.8,27.5,Stable,False
z_58.5_6.0,2024,Diminution,62.8,9.7,62.8,27.5,Augmentation,False
z_58.5_6.0,2025,Diminution,51.8,14.5,51.8,33.7,Diminution,True
z_58.5_9.0,2023,Augmentation,61.0,61.0,17.4,21.6,Diminution,False
z_58.5_9.0,2024,Augmentation,61.9,61.9,14.4,23.7,Augmentation,True
z_58.5_9.0,2025,Augmentation,61.7,61.7,13.6,24.7,Diminution,False
z_60.0_-1.5,2023,Augmentation,26.8,26.8,29.0,44.2,Diminution,False
z_60.0_-1.5,2024,Augmentation,36.9,36.9,26.7,36.4,Diminution,False
z_60.0_-1.5,2025,Augmentation,37.6,37.6,29.6,32.7,Diminution,False
z_60.0_-4.5,2023,Augmentation,30.2,30.2,34.7,35.1,Diminution,False
z_60.0_-4.5,2024,Augmentation,37.7,37.7,29.6,32.8,Diminution,False
z_60.0_-4.5,2025,Augmentation,36.8,36.8,25.1,38.1,Diminution,False
z_60.0_-6.0,2023,Diminution,64.1,5.2,64.1,30.7,Diminution,True
z_60.0_-6.0,2024,Diminution,64.1,5.2,64.1,30.7,Stable,False
z_60.0_-6.0,2025,Diminution,50.4,4.8,50.4,44.9,Stable,False
z_60.0_-7.5,2023,Diminution,41.0,11.9,41.0,47.1,Diminution,True
z_60.0_-7.5,2024,Diminution,38.6,17.9,38.6,43.5,Diminution,True
z_60.0_-7.5,2025,Diminution,36.0,12.6,36.0,51.4,Diminution,True
z_60.0_0.0,2023,Augmentation,35.2,35.2,23.4,41.4,Diminution,False
z_60.0_0.0,2024,Augmentation,32.1,32.1,27.1,40.9,Diminution,False
z_60.0_0.0,2025,Augmentation,37.6,37.6,23.5,38.9,Diminution,False
z_60.0_1.5,2023,Augmentation,34.9,34.9,21.0,44.2,Augmentation,True
z_60.0_1.5,2024,Augmentation,34.4,34.4,20.6,45.0,Augmentation,True
z_60.0_1.5,2025,Augmentation,34.2,34.2,22.6,43.2,Stable,False
z_60.0_16.5,2023,Augmentation,31.6,31.6,29.3,39.1,Diminution,False
z_60.0_16.5,2024,Augmentation,30.4,30.4,25.7,43.9,Stable,False
z_60.0_16.5,2025,Augmentation,34.1,34.1,22.3,43.6,Diminution,False
z_60.0_18.0,2023,Augmentation,38.2,38.2,16.0,45.8,Augmentation,True
z_60.0_18.0,2024,Augmentation,35.8,35.8,19.6,44.6,Diminution,False
z_60.0_18.0,2025,Augmentation,37.5,37.5,21.0,41.5,Diminution,False
z_60.0_19.5,2023,Augmentation,40.3,40.3,24.3,35.4,Diminution,False
z_60.0_19.5,2024,Augmentation,30.5,30.5,25.4,44.1,Augmentation,True
z_60.0_19.5,2025,Augmentation,34.8,34.8,28.5,36.7,Diminution,False
z_60.0_21.0,2023,Augmentation,40.5,40.5,18.1,41.4,Augmentation,True
z_60.0_21.0,2024,Augmentation,63.8,63.8,16.3,19.8,Augmentation,True
z_60.0_21.0,2025,Augmentation,60.2,60.2,18.2,21.6,Diminution,False
z_60.0_24.0,2023,Augmentation,18.0,18.0,29.2,52.8,Diminution,False
z_60.0_24.0,2024,Augmentation,21.4,21.4,28.8,49.8,Augmentation,True
z_60.0_24.0,2025,Augmentation,38.5,38.5,28.8,32.7,Diminution,False
z_60.0_25.5,2023,Augmentation,28.6,28.6,22.9,48.5,Augmentation,True
z_60.0_25.5,2024,Augmentation,25.8,25.8,21.8,52.3,Augmentation,True
z_60.0_25.5,2025,Augmentation,45.9,45.9,17.5,36.6,Augmentation,True
z_60.0_27.0,2023,Augmentation,44.5,44.5,26.1,29.4,Diminution,False
z_60.0_27.0,2024,Augmentation,44.0,44.0,26.4,29.7,Diminution,False
z_60.0_27.0,2025,Augmentation,36.7,36.7,26.7,36.6,Diminution,False
z_60.0_28.5,2023,Augmentation,47.8,47.8,25.0,27.2,Diminution,False
z_60.0_28.5,2024,Augmentation,43.7,43.7,24.4,31.9,Diminution,False
z_60.0_28.5,2025,Augmentation,44.7,44.7,25.1,30.2,Diminution,False
z_60.0_3.0,2023,Augmentation,31.2,31.2,24.6,44.2,Diminution,False
z_60.0_3.0,2024,Augmentation,27.7,27.7,22.9,49.4,Augmentation,True
z_60.0_3.0,2025,Augmentation,38.1,38.1,19.1,42.8,Augmentation,True
z_60.0_4.5,2023,Augmentation,51.8,51.8,27.2,21.0,Diminution,False
z_60.0_4.5,2024,Augmentation,48.7,48.7,29.4,21.9,Augmentation,True
z_60.0_4.5,2025,Augmentation,56.5,56.5,22.3,21.1,Stable,False
z_60.0_6.0,2023,Augmentation,20.4,20.4,34.0,45.6,Diminution,False
z_60.0_6.0,2024,Augmentation,15.7,15.7,27.6,56.7,Diminution,False
z_60.0_6.0,2025,Augmentation,17.4,17.4,31.6,51.0,Augmentation,True
z_61.5_-1.5,2023,Diminution,73.3,3.8,73.3,22.9,Stable,False
z_61.5_-1.5,2024,Diminution,52.1,8.7,52.1,39.2,Diminution,True
z_61.5_-1.5,2025,Diminution,66.8,5.1,66.8,28.0,Diminution,True
z_61.5_-7.5,2023,Augmentation,36.0,36.0,37.0,27.1,Stable,False
z_61.5_-7.5,2024,Augmentation,37.0,37.0,31.6,31.4,Diminution,False
z_61.5_-7.5,2025,Augmentation,38.8,38.8,27.3,33.9,Diminution,False
z_61.5_0.0,2023,Diminution,43.8,20.1,43.8,36.1,Diminution,True
z_61.5_0.0,2024,Diminution,46.7,21.5,46.7,31.8,Augmentation,False
z_61.5_0.0,2025,Diminution,43.7,20.9,43.7,35.4,Stable,False
z_61.5_1.5,2023,Augmentation,26.4,26.4,42.3,31.3,Diminution,False
z_61.5_1.5,2024,Diminution,41.7,19.3,41.7,39.1,Diminution,True
z_61.5_1.5,2025,Augmentation,22.9,22.9,44.8,32.3,Diminution,False
z_61.5_16.5,2023,Augmentation,34.6,34.6,30.5,34.9,Stable,False
z_61.5_16.5,2024,Augmentation,28.5,28.5,26.8,44.7,Augmentation,True
z_61.5_16.5,2025,Augmentation,32.4,32.4,27.1,40.6,Stable,False
z_61.5_18.0,2023,Augmentation,33.3,33.3,20.6,46.0,Diminution,False
z_61.5_18.0,2024,Augmentation,32.0,32.0,16.0,52.0,Diminution,False
z_61.5_18.0,2025,Augmentation,29.8,29.8,15.1,55.1,Stable,False
z_61.5_19.5,2023,Diminution,34.3,14.9,34.3,50.8,Augmentation,False
z_61.5_19.5,2024,Augmentation,20.3,20.3,40.2,39.5,Diminution,False
z_61.5_19.5,2025,Diminution,44.4,20.9,44.4,34.6,Diminution,True
z_61.5_21.0,2023,Augmentation,29.0,29.0,27.5,43.5,Diminution,False
z_61.5_21.0,2024,Augmentation,27.4,27.4,31.6,41.0,Augmentation,True
z_61.5_21.0,2025,Augmentation,23.9,23.9,29.1,47.0,Stable,False
z_61.5_3.0,2023,Augmentation,28.3,28.3,27.7,44.0,Augmentation,True
z_61.5_3.0,2024,Augmentation,33.1,33.1,20.7,46.2,Diminution,False
z_61.5_3.0,2025,Augmentation,20.0,20.0,24.8,55.3,Stable,False
z_61.5_4.5,2023,Augmentation,58.1,58.1,11.4,30.6,Augmentation,True
z_61.5_4.5,2024,Augmentation,49.5,49.5,16.3,34.3,Diminution,False
z_61.5_4.5,2025,Augmentation,58.3,58.3,13.7,28.0,Augmentation,True
z_61.5_6.0,2023,Augmentation,37.0,37.0,17.5,45.6,Stable,False
z_61.5_6.0,2024,Augmentation,39.1,39.1,16.7,44.2,Stable,False
z_61.5_6.0,2025,Augmentation,39.7,39.7,17.3,43.0,Augmentation,True
z_63.0_-13.5,2023,Augmentation,38.2,38.2,35.9,25.9,Diminution,False
z_63.0_-13.5,2024,Augmentation,32.0,32.0,37.8,30.2,Diminution,False
z_63.0_-13.5,2025,Augmentation,37.6,37.6,31.3,31.1,Diminution,False
z_63.0_-16.5,2023,Augmentation,37.0,37.0,14.6,48.4,Stable,False
z_63.0_-16.5,2024,Augmentation,34.6,34.6,14.2,51.3,Diminution,False
z_63.0_-16.5,2025,Augmentation,40.8,40.8,14.8,44.4,Diminution,False
z_63.0_-21.0,2023,Augmentation,41.9,41.9,16.9,41.2,Augmentation,True
z_63.0_-21.0,2024,Augmentation,48.0,48.0,16.5,35.4,Diminution,False
z_63.0_-21.0,2025,Augmentation,42.4,42.4,18.9,38.7,Diminution,False
z_63.0_-22.5,2023,Augmentation,36.5,36.5,16.8,46.8,Stable,False
z_63.0_-22.5,2024,Augmentation,35.3,35.3,15.2,49.6,Diminution,False
z_63.0_-22.5,2025,Augmentation,30.3,30.3,20.7,49.0,Diminution,False
z_63.0_-24.0,2023,Augmentation,44.8,44.8,20.5,34.7,Stable,False
z_63.0_-24.0,2024,Augmentation,54.5,54.5,20.1,25.4,Diminution,False
z_63.0_-24.0,2025,Augmentation,52.6,52.6,20.1,27.2,Diminution,False
z_63.0_-7.5,2023,Diminution,84.4,1.6,84.4,14.1,Stable,False
z_63.0_-7.5,2024,Diminution,67.8,7.6,67.8,24.6,Diminution,True
z_63.0_-7.5,2025,Diminution,78.8,3.6,78.8,17.6,Diminution,True
z_63.0_18.0,2023,Augmentation,27.6,27.6,31.1,41.3,Augmentation,True
z_63.0_18.0,2024,Augmentation,32.4,32.4,22.4,45.2,Stable,False
z_63.0_18.0,2025,Augmentation,32.5,32.5,19.9,47.6,Augmentation,True
z_63.0_19.5,2023,Augmentation,28.2,28.2,23.7,48.1,Augmentation,True
z_63.0_19.5,2024,Augmentation,37.9,37.9,17.8,44.3,Augmentation,True
z_63.0_19.5,2025,Augmentation,33.8,33.8,22.2,44.0,Augmentation,True
z_63.0_21.0,2023,Augmentation,41.6,41.6,30.9,27.5,Diminution,False
z_63.0_21.0,2024,Augmentation,28.2,28.2,33.2,38.6,Diminution,False
z_63.0_21.0,2025,Augmentation,25.4,25.4,35.2,39.4,Diminution,False
z_63.0_22.5,2023,Augmentation,20.1,20.1,24.8,55.1,Diminution,False
z_63.0_22.5,2024,Augmentation,21.4,21.4,21.8,56.9,Stable,False
z_63.0_22.5,2025,Augmentation,22.2,22.2,24.7,53.0,Diminution,False
z_63.0_4.5,2023,Augmentation,28.7,28.7,25.7,45.5,Augmentation,True
z_63.0_4.5,2024,Augmentation,35.0,35.0,20.3,44.7,Stable,False
z_63.0_4.5,2025,Augmentation,20.2,20.2,23.6,56.2,Augmentation,True
z_63.0_6.0,2023,Augmentation,38.1,38.1,22.4,39.5,Diminution,False
z_63.0_6.0,2024,Augmentation,41.0,41.0,23.5,35.5,Stable,False
z_63.0_6.0,2025,Augmentation,38.7,38.7,20.1,41.2,Stable,False
z_63.0_7.5,2023,Augmentation,32.7,32.7,25.3,42.0,Augmentation,True
z_63.0_7.5,2024,Augmentation,40.0,40.0,24.3,35.7,Stable,False
z_63.0_7.5,2025,Augmentation,31.8,31.8,23.5,44.7,Stable,False
z_63.0_9.0,2023,Augmentation,54.4,54.4,13.7,31.9,Diminution,False
z_63.0_9.0,2024,Augmentation,48.4,48.4,14.2,37.4,Stable,False
z_63.0_9.0,2025,Augmentation,41.4,41.4,18.3,40.3,Diminution,False
z_64.5_-15.0,2023,Augmentation,42.9,42.9,14.7,42.4,Diminution,False
z_64.5_-15.0,2024,Augmentation,40.0,40.0,17.8,42.3,Augmentation,True
z_64.5_-15.0,2025,Augmentation,33.8,33.8,19.9,46.2,Diminution,False
z_64.5_-22.5,2023,Augmentation,31.3,31.3,22.6,46.0,Stable,False
z_64.5_-22.5,2024,Augmentation,27.7,27.7,21.0,51.3,Diminution,False
z_64.5_-22.5,2025,Augmentation,25.5,25.5,20.7,53.8,Diminution,False
z_64.5_-24.0,2023,Augmentation,58.7,58.7,17.2,24.1,Stable,False
z_64.5_-24.0,2024,Augmentation,57.8,57.8,17.8,24.4,Diminution,False
z_64.5_-24.0,2025,Augmentation,44.1,44.1,26.3,29.6,Diminution,False
z_64.5_-25.5,2023,Augmentation,48.8,48.8,22.4,28.8,Stable,False
z_64.5_-25.5,2024,Augmentation,48.1,48.1,19.4,32.5,Stable,False
z_64.5_-25.5,2025,Augmentation,49.0,49.0,19.2,31.8,Diminution,False
z_64.5_10.5,2023,Augmentation,38.8,38.8,25.9,35.3,Stable,False
z_64.5_10.5,2024,Augmentation,47.1,47.1,23.1,29.7,Augmentation,True
z_64.5_10.5,2025,Augmentation,51.6,51.6,16.6,31.8,Diminution,False
z_64.5_12.0,2023,Augmentation,50.5,50.5,17.2,32.3,Diminution,False
z_64.5_12.0,2024,Augmentation,49.6,49.6,14.5,35.9,Augmentation,True
z_64.5_12.0,2025,Augmentation,60.0,60.0,14.5,25.4,Augmentation,True
z_64.5_21.0,2023,Augmentation,54.2,54.2,21.1,24.7,Diminution,False
z_64.5_21.0,2024,Augmentation,54.3,54.3,21.3,24.4,Augmentation,True
z_64.5_21.0,2025,Augmentation,64.2,64.2,17.3,18.5,Augmentation,True
z_64.5_22.5,2023,Augmentation,37.7,37.7,29.8,32.5,Diminution,False
z_64.5_22.5,2024,Augmentation,30.8,30.8,32.1,37.1,Diminution,False
z_64.5_22.5,2025,Augmentation,33.3,33.3,36.8,29.8,Diminution,False
z_64.5_24.0,2023,Augmentation,64.9,64.9,13.1,22.0,Diminution,False
z_64.5_24.0,2024,Augmentation,54.6,54.6,18.5,26.9,Augmentation,True
z_64.5_24.0,2025,Augmentation,63.6,63.6,13.0,23.4,Diminution,False
z_64.5_7.5,2023,Diminution,71.7,4.6,71.7,23.7,Stable,False
z_64.5_7.5,2024,Diminution,62.7,4.5,62.7,32.7,Stable,False
z_64.5_7.5,2025,Diminution,49.1,10.0,49.1,41.0,Diminution,True
z_64.5_9.0,2023,Augmentation,36.9,36.9,26.6,36.5,Diminution,False
z_64.5_9.0,2024,Augmentation,40.6,40.6,26.4,33.0,Diminution,False
z_64.5_9.0,2025,Augmentation,23.2,23.2,25.5,51.4,Diminution,False
z_66.0_-13.5,2023,Diminution,73.9,7.4,73.9,18.7,Stable,False
z_66.0_-13.5,2024,Diminution,51.0,22.4,51.0,26.5,Diminution,True
z_66.0_-13.5,2025,Diminution,68.5,7.9,68.5,23.6,Diminution,True
z_66.0_-18.0,2023,Augmentation,40.4,40.4,23.6,36.0,Diminution,False
z_66.0_-18.0,2024,Augmentation,38.9,38.9,20.7,40.4,Augmentation,True
z_66.0_-18.0,2025,Augmentation,42.9,42.9,20.5,36.7,Diminution,False
z_66.0_-21.0,2023,Augmentation,41.6,41.6,15.1,43.3,Diminution,False
z_66.0_-21.0,2024,Augmentation,37.2,37.2,19.6,43.2,Stable,False
z_66.0_-21.0,2025,Augmentation,41.6,41.6,24.3,34.1,Diminution,False
z_66.0_-24.0,2023,Augmentation,43.8,43.8,18.6,37.6,Stable,False
z_66.0_-24.0,2024,Augmentation,46.0,46.0,17.6,36.4,Augmentation,True
z_66.0_-24.0,2025,Augmentation,37.9,37.9,17.1,45.0,Diminution,False
z_66.0_10.5,2023,Augmentation,21.7,21.7,24.6,53.6,Diminution,False
z_66.0_10.5,2024,Augmentation,22.7,22.7,26.2,51.2,Diminution,False
z_66.0_10.5,2025,Augmentation,29.0,29.0,30.3,40.7,Augmentation,True
z_66.0_12.0,2023,Augmentation,29.7,29.7,21.4,48.8,Stable,False
z_66.0_12.0,2024,Augmentation,34.1,34.1,16.6,49.3,Augmentation,True
z_66.0_12.0,2025,Augmentation,34.9,34.9,17.9,47.2,Stable,False
z_66.0_13.5,2023,Augmentation,62.3,62.3,21.1,16.7,Stable,False
z_66.0_13.5,2024,Augmentation,68.1,68.1,18.9,13.1,Diminution,False
z_66.0_13.5,2025,Augmentation,65.1,65.1,18.7,16.2,Diminution,False
z_66.0_15.0,2023,Augmentation,14.6,14.6,27.1,58.3,Diminution,False
z_66.0_15.0,2024,Diminution,44.7,13.8,44.7,41.5,Augmentation,False
z_66.0_15.0,2025,Augmentation,17.1,17.1,30.1,52.8,Diminution,False
z_66.0_6.0,2023,Diminution,65.8,3.7,65.8,30.6,Diminution,True
z_66.0_6.0,2024,Diminution,51.1,5.2,51.1,43.7,Stable,False
z_66.0_6.0,2025,Diminution,53.9,7.9,53.9,38.2,Diminution,True
z_66.0_7.5,2023,Diminution,78.8,1.3,78.8,19.8,Diminution,True
z_66.0_7.5,2024,Diminution,74.2,4.7,74.2,21.1,Diminution,True
z_66.0_7.5,2025,Diminution,79.2,1.9,79.2,19.0,Stable,False
z_66.0_9.0,2023,Augmentation,32.1,32.1,26.9,41.0,Stable,False
z_66.0_9.0,2024,Augmentation,40.8,40.8,22.9,36.4,Diminution,False
z_66.0_9.0,2025,Augmentation,35.3,35.3,27.9,36.7,Diminution,False
z_67.5_10.5,2023,Stable,66.6,16.3,17.0,66.6,Stable,True
z_67.5_10.5,2024,Augmentation,26.2,26.2,25.1,48.8,Stable,False
z_67.5_10.5,2025,Augmentation,28.3,28.3,28.3,43.4,Stable,False
z_67.5_12.0,2023,Augmentation,46.3,46.3,25.0,28.7,Augmentation,True
z_67.5_12.0,2024,Augmentation,49.5,49.5,19.6,30.9,Diminution,False
z_67.5_12.0,2025,Augmentation,36.2,36.2,32.3,31.6,Diminution,False
z_67.5_13.5,2023,Augmentation,33.5,33.5,31.2,35.3,Stable,False
z_67.5_13.5,2024,Augmentation,60.0,60.0,17.8,22.2,Stable,False
z_67.5_13.5,2025,Augmentation,57.6,57.6,20.3,22.2,Diminution,False
z_67.5_15.0,2023,Augmentation,35.1,35.1,28.0,36.9,Diminution,False
z_67.5_15.0,2024,Augmentation,43.2,43.2,24.5,32.3,Diminution,False
z_67.5_15.0,2025,Augmentation,39.5,39.5,21.3,39.3,Diminution,False
z_67.5_16.5,2023,Augmentation,35.1,35.1,22.3,42.6,Stable,False
z_67.5_16.5,2024,Augmentation,31.1,31.1,22.9,46.0,Stable,False
z_67.5_16.5,2025,Augmentation,40.3,40.3,20.7,39.1,Stable,False
z_69.0_13.5,2023,Diminution,66.2,6.5,66.2,27.3,Diminution,True
z_69.0_13.5,2024,Diminution,66.2,6.5,66.2,27.3,Diminution,True
z_69.0_13.5,2025,Diminution,57.8,6.7,57.8,35.6,Diminution,True
z_69.0_15.0,2023,Augmentation,39.8,39.8,34.0,26.2,Augmentation,True
z_69.0_15.0,2024,Augmentation,47.4,47.4,23.3,29.2,Augmentation,True
z_69.0_15.0,2025,Augmentation,34.1,34.1,19.0,46.9,Augmentation,True
z_69.0_16.5,2023,Augmentation,44.6,44.6,19.0,36.3,Augmentation,True
z_69.0_16.5,2024,Augmentation,56.9,56.9,14.9,28.2,Augmentation,True
z_69.0_16.5,2025,Augmentation,62.7,62.7,14.2,23.1,Augmentation,True
z_69.0_18.0,2023,Augmentation,51.9,51.9,19.6,28.5,Augmentation,True
z_69.0_18.0,2024,Augmentation,54.6,54.6,14.7,30.6,Diminution,False
z_69.0_18.0,2025,Augmentation,62.9,62.9,15.0,22.1,Diminution,False
z_69.0_19.5,2023,Augmentation,54.6,54.6,17.4,28.0,Diminution,False
z_69.0_19.5,2024,Augmentation,48.7,48.7,20.7,30.6,Diminution,False
z_69.0_19.5,2025,Augmentation,50.3,50.3,16.9,32.8,Diminution,False
z_69.0_21.0,2023,Augmentation,39.2,39.2,19.3,41.4,Diminution,False
z_69.0_21.0,2024,Augmentation,42.6,42.6,19.1,38.3,Augmentation,True
z_69.0_21.0,2025,Augmentation,43.6,43.6,20.4,36.0,Augmentation,True
z_69.0_22.5,2023,Augmentation,40.7,40.7,19.1,40.2,Diminution,False
z_69.0_22.5,2024,Augmentation,46.8,46.8,22.0,31.2,Diminution,False
z_69.0_22.5,2025,Augmentation,45.3,45.3,18.3,36.4,Diminution,False
z_69.0_30.0,2023,Augmentation,16.7,16.7,18.7,64.6,Diminution,False
z_69.0_30.0,2024,Augmentation,23.5,23.5,26.7,49.8,Diminution,False
z_69.0_30.0,2025,Augmentation,29.7,29.7,29.2,41.2,Diminution,False
z_70.5_16.5,2023,Diminution,34.2,12.0,34.2,53.8,Augmentation,False
z_70.5_16.5,2024,Stable,61.6,12.2,26.1,61.6,Augmentation,False
z_70.5_16.5,2025,Augmentation,17.8,17.8,22.7,59.5,Stable,False
z_70.5_19.5,2023,Diminution,72.7,2.6,72.7,24.8,Diminution,True
z_70.5_19.5,2024,Diminution,71.5,2.8,71.5,25.8,Augmentation,False
z_70.5_19.5,2025,Diminution,50.9,4.5,50.9,44.7,Diminution,True
z_70.5_21.0,2023,Augmentation,26.1,26.1,31.7,42.1,Augmentation,True
z_70.5_21.0,2024,Augmentation,22.7,22.7,25.3,52.0,Stable,False
z_70.5_21.0,2025,Augmentation,18.1,18.1,26.1,55.8,Diminution,False
z_70.5_22.5,2023,Augmentation,35.6,35.6,21.6,42.8,Diminution,False
z_70.5_22.5,2024,Augmentation,37.3,37.3,21.0,41.7,Stable,False
z_70.5_22.5,2025,Augmentation,39.8,39.8,25.4,34.8,Augmentation,True
z_70.5_24.0,2023,Augmentation,39.9,39.9,29.2,30.9,Augmentation,True
z_70.5_24.0,2024,Augmentation,61.4,61.4,18.6,19.9,Stable,False
z_70.5_24.0,2025,Augmentation,43.6,43.6,23.1,33.3,Stable,False
z_70.5_25.5,2023,Augmentation,34.3,34.3,26.1,39.6,Diminution,False
z_70.5_25.5,2024,Augmentation,36.9,36.9,30.3,32.8,Diminution,False
z_70.5_25.5,2025,Augmentation,31.5,31.5,27.9,40.6,Diminution,False
z_70.5_27.0,2023,Augmentation,36.0,36.0,32.1,31.9,Diminution,False
z_70.5_27.0,2024,Augmentation,30.8,30.8,37.7,31.5,Diminution,False
z_70.5_27.0,2025,Augmentation,37.7,37.7,31.5,30.8,Diminution,False
z_70.5_28.5,2023,Augmentation,36.6,36.6,28.2,35.2,Augmentation,True
z_70.5_28.5,2024,Augmentation,35.1,35.1,20.9,44.0,Stable,False
z_70.5_28.5,2025,Augmentation,24.3,24.3,22.3,53.4,Stable,False
z_70.5_30.0,2023,Augmentation,42.9,42.9,19.2,37.9,Stable,False
z_70.5_30.0,2024,Augmentation,43.8,43.8,21.9,34.3,Diminution,False
z_70.5_30.0,2025,Augmentation,44.8,44.8,21.6,33.6,Augmentation,True
z_70.5_33.0,2023,Diminution,70.4,4.9,70.4,24.7,Diminution,True
z_70.5_33.0,2024,Diminution,76.5,3.7,76.5,19.8,Diminution,True
z_70.5_33.0,2025,Diminution,71.5,4.2,71.5,24.3,Stable,False
z_72.0_13.5,2023,Diminution,77.3,2.0,77.3,20.7,Stable,False
z_72.0_13.5,2024,Diminution,66.2,5.1,66.2,28.7,Augmentation,False
z_72.0_13.5,2025,Diminution,53.5,9.2,53.5,37.3,Diminution,True
z_72.0_15.0,2023,Diminution,59.9,2.9,59.9,37.2,Stable,False
z_72.0_15.0,2024,Diminution,44.4,3.7,44.4,51.8,Stable,False
z_72.0_15.0,2025,Diminution,36.5,8.3,36.5,55.3,Diminution,True
z_72.0_19.5,2023,Diminution,48.9,13.8,48.9,37.3,Stable,False
z_72.0_19.5,2024,Augmentation,22.8,22.8,43.4,33.7,Diminution,False
z_72.0_19.5,2025,Diminution,59.1,15.7,59.1,25.2,Diminution,True
z_72.0_28.5,2023,Diminution,73.1,5.2,73.1,21.7,Diminution,True
z_72.0_28.5,2024,Diminution,73.1,5.2,73.1,21.7,Diminution,True
z_72.0_28.5,2025,Diminution,73.1,5.2,73.1,21.7,Diminution,True
z_73.5_18.0,2023,Augmentation,20.5,20.5,23.3,56.2,Stable,False
z_73.5_18.0,2024,Stable,64.9,15.3,19.7,64.9,Diminution,False
z_73.5_18.0,2025,Augmentation,26.7,26.7,34.5,38.7,Stable,False
z_73.5_21.0,2023,Augmentation,42.6,42.6,30.3,27.1,Diminution,False
z_73.5_21.0,2024,Augmentation,34.7,34.7,32.2,33.2,Diminution,False
z_73.5_21.0,2025,Augmentation,34.7,34.7,35.3,30.0,Diminution,False
z_73.5_33.0,2023,Diminution,62.1,5.2,62.1,32.6,Diminution,True
z_73.5_33.0,2024,Diminution,62.1,5.2,62.1,32.6,Stable,False
z_73.5_33.0,2025,Diminution,48.8,4.7,48.8,46.5,Diminution,True
z_73.5_34.5,2023,Diminution,41.2,10.0,41.2,48.8,Diminution,True
z_73.5_34.5,2024,Diminution,46.2,7.1,46.2,46.6,Stable,False
z_73.5_34.5,2025,Diminution,38.2,18.2,38.2,43.6,Diminution,True
z_75.0_18.0,2023,Diminution,64.2,4.9,64.2,30.9,Diminution,True
z_75.0_18.0,2024,Diminution,50.3,4.7,50.3,45.1,Diminution,True
z_75.0_18.0,2025,Diminution,59.5,6.9,59.5,33.6,Diminution,True
z_75.0_31.5,2023,Diminution,59.6,5.4,59.6,35.1,Stable,False
z_75.0_31.5,2024,Diminution,53.9,5.4,53.9,40.7,Stable,False
z_75.0_31.5,2025,Diminution,39.5,9.2,39.5,51.3,Diminution,True
z_75.0_33.0,2023,Diminution,79.2,2.4,79.2,18.3,Augmentation,False
z_75.0_33.0,2024,Diminution,60.8,7.9,60.8,31.4,Augmentation,False
z_75.0_33.0,2025,Diminution,48.2,11.0,48.2,40.8,Stable,False
z_75.0_34.5,2023,Diminution,42.7,15.5,42.7,41.8,Diminution,True
z_75.0_34.5,2024,Diminution,55.5,12.1,55.5,32.5,Augmentation,False
z_75.0_34.5,2025,Diminution,41.8,20.0,41.8,38.2,Diminution,True
z_75.0_36.0,2023,Augmentation,19.5,19.5,32.1,48.4,Stable,False
z_75.0_36.0,2024,Diminution,38.4,17.0,38.4,44.6,Diminution,True
z_75.0_36.0,2025,Diminution,40.6,19.2,40.6,40.1,Diminution,True
z_76.5_13.5,2023,Augmentation,37.8,37.8,22.9,39.3,Diminution,False
z_76.5_13.5,2024,Augmentation,32.1,32.1,21.2,46.7,Stable,False
z_76.5_13.5,2025,Augmentation,27.9,27.9,20.3,51.8,Diminution,False
z_76.5_33.0,2023,Diminution,47.5,13.6,47.5,38.9,Diminution,True
z_76.5_33.0,2024,Diminution,59.8,6.4,59.8,33.7,Diminution,True
z_76.5_33.0,2025,Diminution,66.0,3.5,66.0,30.6,Stable,False
z_78.0_10.5,2023,Diminution,64.6,2.5,64.6,32.9,Diminution,True
z_78.0_10.5,2024,Diminution,64.6,2.5,64.6,32.9,Diminution,True
z_78.0_10.5,2025,Diminution,64.6,2.5,64.6,32.9,Stable,False
z_78.0_13.5,2023,Diminution,44.8,19.5,44.8,35.7,Diminution,True
z_78.0_13.5,2024,Diminution,49.4,24.4,49.4,26.2,Diminution,True
z_78.0_13.5,2025,Diminution,50.6,21.4,50.6,27.9,Augmentation,False
z_78.0_15.0,2023,Diminution,34.6,14.8,34.6,50.6,Diminution,True
z_78.0_15.0,2024,Diminution,39.6,18.3,39.6,42.1,Augmentation,False
z_78.0_15.0,2025,Augmentation,15.2,15.2,28.3,56.5,Diminution,False
z_79.5_10.5,2023,Diminution,68.3,11.1,68.3,20.6,Diminution,True
z_79.5_10.5,2024,Diminution,72.0,8.1,72.0,19.9,Diminution,True
z_79.5_10.5,2025,Diminution,77.3,3.9,77.3,18.8,Stable,False
