seuil_ecart,seuil_pct,granularite,classe,accuracy
0.5,5.0,annuel,Diminution,15.4
0.5,5.0,annuel,Stable,59.3
0.5,5.0,annuel,Augmentation,54.8
0.5,5.0,annuel,Global,33.4
0.5,5.0,semestriel,Diminution,49.5
0.5,5.0,semestriel,Stable,35.0
0.5,5.0,semestriel,Augmentation,62.0
0.5,5.0,semestriel,Global,49.5
0.5,5.0,trimestriel,Diminution,52.0
0.5,5.0,trimestriel,Stable,48.3
0.5,5.0,trimestriel,Augmentation,53.5
0.5,5.0,trimestriel,Global,51.6
0.5,5.0,mensuel,Diminution,63.8
0.5,5.0,mensuel,Stable,45.0
0.5,5.0,mensuel,Augmentation,51.3
0.5,5.0,mensuel,Global,60.4
0.5,10.0,annuel,Diminution,27.4
0.5,10.0,annuel,Stable,0.5
0.5,10.0,annuel,Augmentation,91.3
0.5,10.0,annuel,Global,40.0
0.5,10.0,semestriel,Diminution,50.4
0.5,10.0,semestriel,Stable,28.7
0.5,10.0,semestriel,Augmentation,64.0
0.5,10.0,semestriel,Global,49.2
0.5,10.0,trimestriel,Diminution,51.1
0.5,10.0,trimestriel,Stable,39.7
0.5,10.0,trimestriel,Augmentation,62.2
0.5,10.0,trimestriel,Global,50.9
0.5,10.0,mensuel,Diminution,63.6
0.5,10.0,mensuel,Stable,45.1
0.5,10.0,mensuel,Augmentation,51.4
0.5,10.0,mensuel,Global,60.3
0.5,15.0,annuel,Diminution,22.8
0.5,15.0,annuel,Stable,0.7
0.5,15.0,annuel,Augmentation,93.5
0.5,15.0,annuel,Global,35.7
0.5,15.0,semestriel,Diminution,49.2
0.5,15.0,semestriel,Stable,18.9
0.5,15.0,semestriel,Augmentation,71.9
0.5,15.0,semestriel,Global,47.7
0.5,15.0,trimestriel,Diminution,52.4
0.5,15.0,trimestriel,Stable,36.5
0.5,15.0,trimestriel,Augmentation,61.3
0.5,15.0,trimestriel,Global,51.0
0.5,15.0,mensuel,Diminution,64.5
0.5,15.0,mensuel,Stable,41.5
0.5,15.0,mensuel,Augmentation,52.8
0.5,15.0,mensuel,Global,60.6
0.5,20.0,annuel,Diminution,22.9
0.5,20.0,annuel,Stable,0.0
0.5,20.0,annuel,Augmentation,94.4
0.5,20.0,annuel,Global,35.1
0.5,20.0,semestriel,Diminution,61.5
0.5,20.0,semestriel,Stable,13.4
0.5,20.0,semestriel,Augmentation,70.4
0.5,20.0,semestriel,Global,53.0
0.5,20.0,trimestriel,Diminution,44.9
0.5,20.0,trimestriel,Stable,52.8
0.5,20.0,trimestriel,Augmentation,47.4
0.5,20.0,trimestriel,Global,46.7
0.5,20.0,mensuel,Diminution,65.4
0.5,20.0,mensuel,Stable,38.9
0.5,20.0,mensuel,Augmentation,53.3
0.5,20.0,mensuel,Global,61.0
1.0,5.0,annuel,Diminution,18.4
1.0,5.0,annuel,Stable,47.0
1.0,5.0,annuel,Augmentation,61.6
1.0,5.0,annuel,Global,35.8
1.0,5.0,semestriel,Diminution,50.3
1.0,5.0,semestriel,Stable,38.6
1.0,5.0,semestriel,Augmentation,59.8
1.0,5.0,semestriel,Global,49.5
1.0,5.0,trimestriel,Diminution,52.3
1.0,5.0,trimestriel,Stable,45.0
1.0,5.0,trimestriel,Augmentation,56.8
1.0,5.0,trimestriel,Global,51.5
1.0,5.0,mensuel,Diminution,65.7
1.0,5.0,mensuel,Stable,31.3
1.0,5.0,mensuel,Augmentation,61.7
1.0,5.0,mensuel,Global,60.1
1.0,10.0,annuel,Diminution,17.9
1.0,10.0,annuel,Stable,45.5
1.0,10.0,annuel,Augmentation,65.1
1.0,10.0,annuel,Global,36.2
1.0,10.0,semestriel,Diminution,50.7
1.0,10.0,semestriel,Stable,36.3
1.0,10.0,semestriel,Augmentation,61.6
1.0,10.0,semestriel,Global,49.5
1.0,10.0,trimestriel,Diminution,52.3
1.0,10.0,trimestriel,Stable,44.3
1.0,10.0,trimestriel,Augmentation,56.1
1.0,10.0,trimestriel,Global,51.2
1.0,10.0,mensuel,Diminution,65.7
1.0,10.0,mensuel,Stable,31.2
1.0,10.0,mensuel,Augmentation,61.6
1.0,10.0,mensuel,Global,60.1
1.0,15.0,annuel,Diminution,16.0
1.0,15.0,annuel,Stable,43.8
1.0,15.0,annuel,Augmentation,64.5
1.0,15.0,annuel,Global,34.8
1.0,15.0,semestriel,Diminution,52.4
1.0,15.0,semestriel,Stable,31.8
1.0,15.0,semestriel,Augmentation,62.5
1.0,15.0,semestriel,Global,49.5
1.0,15.0,trimestriel,Diminution,55.6
1.0,15.0,trimestriel,Stable,39.8
1.0,15.0,trimestriel,Augmentation,57.3
1.0,15.0,trimestriel,Global,52.6
1.0,15.0,mensuel,Diminution,66.5
1.0,15.0,mensuel,Stable,39.3
1.0,15.0,mensuel,Augmentation,52.0
1.0,15.0,mensuel,Global,61.2
1.0,20.0,annuel,Diminution,26.3
1.0,20.0,annuel,Stable,22.4
1.0,20.0,annuel,Augmentation,73.3
1.0,20.0,annuel,Global,36.3
1.0,20.0,semestriel,Diminution,52.8
1.0,20.0,semestriel,Stable,29.9
1.0,20.0,semestriel,Augmentation,61.4
1.0,20.0,semestriel,Global,48.7
1.0,20.0,trimestriel,Diminution,56.1
1.0,20.0,trimestriel,Stable,38.7
1.0,20.0,trimestriel,Augmentation,56.6
1.0,20.0,trimestriel,Global,52.5
1.0,20.0,mensuel,Diminution,67.1
1.0,20.0,mensuel,Stable,36.9
1.0,20.0,mensuel,Augmentation,52.3
1.0,20.0,mensuel,Global,61.3
1.5,5.0,annuel,Diminution,74.2
1.5,5.0,annuel,Stable,46.3
1.5,5.0,annuel,Augmentation,54.5
1.5,5.0,annuel,Global,55.7
1.5,5.0,semestriel,Diminution,70.7
1.5,5.0,semestriel,Stable,55.1
1.5,5.0,semestriel,Augmentation,55.2
1.5,5.0,semestriel,Global,59.3
1.5,5.0,trimestriel,Diminution,64.5
1.5,5.0,trimestriel,Stable,65.5
1.5,5.0,trimestriel,Augmentation,66.7
1.5,5.0,trimestriel,Global,65.3
1.5,5.0,mensuel,Diminution,71.5
1.5,5.0,mensuel,Stable,71.3
1.5,5.0,mensuel,Augmentation,73.4
1.5,5.0,mensuel,Global,71.5
1.5,10.0,annuel,Diminution,71.6
1.5,10.0,annuel,Stable,46.1
1.5,10.0,annuel,Augmentation,55.2
1.5,10.0,annuel,Global,54.9
1.5,10.0,semestriel,Diminution,70.6
1.5,10.0,semestriel,Stable,55.2
1.5,10.0,semestriel,Augmentation,56.5
1.5,10.0,semestriel,Global,59.5
1.5,10.0,trimestriel,Diminution,69.6
1.5,10.0,trimestriel,Stable,67.5
1.5,10.0,trimestriel,Augmentation,60.1
1.5,10.0,trimestriel,Global,67.4
1.5,10.0,mensuel,Diminution,71.5
1.5,10.0,mensuel,Stable,71.3
1.5,10.0,mensuel,Augmentation,73.4
1.5,10.0,mensuel,Global,71.5
1.5,15.0,annuel,Diminution,73.8
1.5,15.0,annuel,Stable,44.9
1.5,15.0,annuel,Augmentation,57.1
1.5,15.0,annuel,Global,54.9
1.5,15.0,semestriel,Diminution,70.9
1.5,15.0,semestriel,Stable,54.6
1.5,15.0,semestriel,Augmentation,55.3
1.5,15.0,semestriel,Global,59.1
1.5,15.0,trimestriel,Diminution,69.8
1.5,15.0,trimestriel,Stable,67.3
1.5,15.0,trimestriel,Augmentation,60.2
1.5,15.0,trimestriel,Global,67.4
1.5,15.0,mensuel,Diminution,71.4
1.5,15.0,mensuel,Stable,71.5
1.5,15.0,mensuel,Augmentation,71.5
1.5,15.0,mensuel,Global,71.5
1.5,20.0,annuel,Diminution,54.1
1.5,20.0,annuel,Stable,39.5
1.5,20.0,annuel,Augmentation,76.0
1.5,20.0,annuel,Global,49.4
1.5,20.0,semestriel,Diminution,71.3
1.5,20.0,semestriel,Stable,53.6
1.5,20.0,semestriel,Augmentation,55.6
1.5,20.0,semestriel,Global,58.5
1.5,20.0,trimestriel,Diminution,64.4
1.5,20.0,trimestriel,Stable,67.2
1.5,20.0,trimestriel,Augmentation,64.6
1.5,20.0,trimestriel,Global,66.3
1.5,20.0,mensuel,Diminution,71.6
1.5,20.0,mensuel,Stable,71.5
1.5,20.0,mensuel,Augmentation,71.7
1.5,20.0,mensuel,Global,71.5
2.0,5.0,annuel,Diminution,65.1
2.0,5.0,annuel,Stable,50.0
2.0,5.0,annuel,Augmentation,61.5
2.0,5.0,annuel,Global,55.5
2.0,5.0,semestriel,Diminution,71.1
2.0,5.0,semestriel,Stable,61.1
2.0,5.0,semestriel,Augmentation,52.0
2.0,5.0,semestriel,Global,62.2
2.0,5.0,trimestriel,Diminution,70.3
2.0,5.0,trimestriel,Stable,69.9
2.0,5.0,trimestriel,Augmentation,58.6
2.0,5.0,trimestriel,Global,69.2
2.0,5.0,mensuel,Diminution,72.3
2.0,5.0,mensuel,Stable,82.6
2.0,5.0,mensuel,Augmentation,59.6
2.0,5.0,mensuel,Global,80.5
2.0,10.0,annuel,Diminution,66.1
2.0,10.0,annuel,Stable,48.4
2.0,10.0,annuel,Augmentation,62.1
2.0,10.0,annuel,Global,54.9
2.0,10.0,semestriel,Diminution,71.5
2.0,10.0,semestriel,Stable,60.2
2.0,10.0,semestriel,Augmentation,52.8
2.0,10.0,semestriel,Global,61.8
2.0,10.0,trimestriel,Diminution,70.4
2.0,10.0,trimestriel,Stable,69.8
2.0,10.0,trimestriel,Augmentation,58.4
2.0,10.0,trimestriel,Global,69.1
2.0,10.0,mensuel,Diminution,72.3
2.0,10.0,mensuel,Stable,82.6
2.0,10.0,mensuel,Augmentation,59.6
2.0,10.0,mensuel,Global,80.5
2.0,15.0,annuel,Diminution,66.1
2.0,15.0,annuel,Stable,47.6
2.0,15.0,annuel,Augmentation,62.4
2.0,15.0,annuel,Global,54.3
2.0,15.0,semestriel,Diminution,72.0
2.0,15.0,semestriel,Stable,60.1
2.0,15.0,semestriel,Augmentation,52.4
2.0,15.0,semestriel,Global,61.8
2.0,15.0,trimestriel,Diminution,70.2
2.0,15.0,trimestriel,Stable,69.8
2.0,15.0,trimestriel,Augmentation,58.6
2.0,15.0,trimestriel,Global,69.1
2.0,15.0,mensuel,Diminution,72.3
2.0,15.0,mensuel,Stable,82.6
2.0,15.0,mensuel,Augmentation,59.6
2.0,15.0,mensuel,Global,80.5
2.0,20.0,annuel,Diminution,75.4
2.0,20.0,annuel,Stable,49.7
2.0,20.0,annuel,Augmentation,49.2
2.0,20.0,annuel,Global,55.6
2.0,20.0,semestriel,Diminution,72.2
2.0,20.0,semestriel,Stable,59.4
2.0,20.0,semestriel,Augmentation,51.7
2.0,20.0,semestriel,Global,61.3
2.0,20.0,trimestriel,Diminution,65.6
2.0,20.0,trimestriel,Stable,69.4
2.0,20.0,trimestriel,Augmentation,65.9
2.0,20.0,trimestriel,Global,68.4
2.0,20.0,mensuel,Diminution,72.4
2.0,20.0,mensuel,Stable,82.6
2.0,20.0,mensuel,Augmentation,59.6
2.0,20.0,mensuel,Global,80.5
